<?xml version="1.0" encoding="UTF-8"?>

<!-- generated on Mon Nov 14 12:47:23 2016 by SUMO duarouter Version 0.25.0
<?xml version="1.0" encoding="UTF-8"?>

<configuration xmlns:xsi="http://www.w3.org/2001/XMLSchema-instance" xsi:noNamespaceSchemaLocation="http://sumo.dlr.de/xsd/duarouterConfiguration.xsd">

    <input>
        <net-file value="map.net.xml"/>
        <trip-files value="trips.trips.xml"/>
    </input>

    <output>
        <output-file value="map.rou.xml"/>
    </output>

    <processing>
        <ignore-errors value="true"/>
        <repair value="true"/>
    </processing>

    <time>
        <begin value="0"/>
        <end value="500.0"/>
    </time>

    <report>
        <no-warnings value="true"/>
        <no-step-log value="true"/>
    </report>

</configuration>
-->

<routes xmlns:xsi="http://www.w3.org/2001/XMLSchema-instance" xsi:noNamespaceSchemaLocation="http://sumo.dlr.de/xsd/routes_file.xsd">
    <vehicle id="0" depart="0.00">
        <route edges="7/4to8/4 8/4to7/4 7/4to6/4 6/4to5/4 5/4to4/4 4/4to4/3 4/3to3/3"/>
    </vehicle>
    <vehicle id="1" depart="1.00">
        <route edges="8/10to8/9 8/9to8/8 8/8to8/7 8/7to8/6 8/6to9/6"/>
    </vehicle>
    <vehicle id="2" depart="2.00">
        <route edges="10/1to9/1 9/1to8/1 8/1to7/1 7/1to6/1 6/1to6/2 6/2to6/1"/>
    </vehicle>
    <vehicle id="3" depart="3.00">
        <route edges="5/9to5/8 5/8to4/8 4/8to3/8 3/8to2/8 2/8to1/8 1/8to0/8 0/8to0/7"/>
    </vehicle>
    <vehicle id="4" depart="4.00">
        <route edges="4/5to5/5 5/5to5/6 5/6to5/7 5/7to6/7 6/7to7/7 7/7to8/7"/>
    </vehicle>
    <vehicle id="5" depart="5.00">
        <route edges="10/6to10/5 10/5to9/5 9/5to8/5 8/5to7/5 7/5to6/5 6/5to5/5 5/5to4/5 4/5to4/4 4/4to4/3 4/3to4/2 4/2to4/1 4/1to4/0"/>
    </vehicle>
    <vehicle id="6" depart="6.00">
        <route edges="4/9to4/8 4/8to4/7 4/7to4/6 4/6to4/5 4/5to5/5 5/5to6/5 6/5to7/5 7/5to8/5 8/5to8/4"/>
    </vehicle>
    <vehicle id="7" depart="7.00">
        <route edges="4/1to4/0 4/0to5/0 5/0to6/0 6/0to7/0 7/0to8/0 8/0to9/0 9/0to10/0 10/0to10/1"/>
    </vehicle>
    <vehicle id="8" depart="8.00">
        <route edges="9/4to8/4 8/4to8/5 8/5to9/5 9/5to9/6"/>
    </vehicle>
    <vehicle id="9" depart="9.00">
        <route edges="7/8to6/8 6/8to7/8 7/8to8/8 8/8to9/8 9/8to10/8 10/8to10/7 10/7to10/6 10/6to10/7"/>
    </vehicle>
    <vehicle id="10" depart="10.00">
        <route edges="10/10to9/10 9/10to8/10 8/10to7/10 7/10to6/10 6/10to5/10 5/10to4/10 4/10to3/10 3/10to2/10 2/10to2/9 2/9to2/8 2/8to2/7 2/7to2/6 2/6to2/7"/>
    </vehicle>
    <vehicle id="11" depart="11.00">
        <route edges="9/6to10/6 10/6to9/6 9/6to8/6 8/6to7/6 7/6to6/6 6/6to5/6 5/6to4/6 4/6to3/6 3/6to3/5 3/5to3/4 3/4to3/3 3/3to3/2"/>
    </vehicle>
    <vehicle id="12" depart="12.00">
        <route edges="4/8to4/7 4/7to4/6 4/6to4/5 4/5to5/5 5/5to4/5"/>
    </vehicle>
    <vehicle id="13" depart="13.00">
        <route edges="2/7to3/7 3/7to4/7 4/7to5/7 5/7to6/7 6/7to7/7 7/7to7/8"/>
    </vehicle>
    <vehicle id="14" depart="14.00">
        <route edges="9/0to10/0 10/0to9/0 9/0to8/0 8/0to7/0 7/0to6/0 6/0to5/0 5/0to4/0 4/0to3/0 3/0to2/0 2/0to2/1 2/1to2/2 2/2to2/3 2/3to2/4 2/4to2/5 2/5to2/4"/>
    </vehicle>
    <vehicle id="15" depart="15.00">
        <route edges="9/5to9/4 9/4to8/4 8/4to7/4 7/4to6/4 6/4to5/4 5/4to4/4 4/4to3/4 3/4to2/4 2/4to1/4 1/4to0/4 0/4to0/5 0/5to0/4"/>
    </vehicle>
    <vehicle id="16" depart="16.00">
        <route edges="8/8to8/7 8/7to7/7 7/7to6/7 6/7to5/7 5/7to4/7 4/7to4/8 4/8to3/8"/>
    </vehicle>
    <vehicle id="17" depart="17.00">
        <route edges="10/6to10/5 10/5to9/5 9/5to8/5 8/5to8/6 8/6to8/7 8/7to8/8 8/8to8/9 8/9to8/10 8/10to7/10"/>
    </vehicle>
    <vehicle id="18" depart="18.00">
        <route edges="1/8to1/9 1/9to1/8 1/8to1/7 1/7to1/6 1/6to2/6 2/6to3/6 3/6to4/6 4/6to5/6 5/6to6/6 6/6to7/6 7/6to8/6 8/6to9/6 9/6to8/6"/>
    </vehicle>
    <vehicle id="19" depart="19.00">
        <route edges="3/7to3/8 3/8to2/8 2/8to1/8 1/8to1/7 1/7to1/6 1/6to1/5 1/5to1/4 1/4to1/3 1/3to1/2 1/2to1/1 1/1to0/1"/>
    </vehicle>
    <vehicle id="20" depart="20.00">
        <route edges="2/8to2/7 2/7to2/6 2/6to2/5 2/5to2/4 2/4to3/4 3/4to4/4 4/4to5/4 5/4to6/4"/>
    </vehicle>
    <vehicle id="21" depart="21.00">
        <route edges="0/5to0/6 0/6to0/5 0/5to1/5 1/5to2/5 2/5to3/5 3/5to4/5 4/5to5/5 5/5to6/5 6/5to7/5 7/5to8/5 8/5to8/6"/>
    </vehicle>
    <vehicle id="22" depart="22.00">
        <route edges="4/1to3/1 3/1to4/1 4/1to5/1 5/1to6/1 6/1to7/1 7/1to8/1 8/1to9/1 9/1to10/1 10/1to10/2 10/2to10/3 10/3to10/4 10/4to10/5 10/5to9/5"/>
    </vehicle>
    <vehicle id="23" depart="23.00">
        <route edges="10/2to9/2 9/2to8/2 8/2to7/2 7/2to7/3 7/3to7/4 7/4to7/5 7/5to7/6 7/6to7/7 7/7to7/8 7/8to7/9 7/9to7/10"/>
    </vehicle>
    <vehicle id="24" depart="24.00">
        <route edges="7/7to7/6 7/6to6/6 6/6to5/6 5/6to5/5 5/5to5/4 5/4to5/3 5/3to5/2 5/2to5/1 5/1to4/1"/>
    </vehicle>
    <vehicle id="25" depart="25.00">
        <route edges="4/2to5/2 5/2to4/2 4/2to3/2 3/2to2/2 2/2to1/2 1/2to0/2 0/2to0/3 0/3to0/4 0/4to0/5 0/5to0/4"/>
    </vehicle>
    <vehicle id="26" depart="26.00">
        <route edges="8/4to7/4 7/4to6/4 6/4to5/4 5/4to4/4 4/4to3/4 3/4to3/5 3/5to3/4"/>
    </vehicle>
    <vehicle id="27" depart="27.00">
        <route edges="6/4to6/5 6/5to6/4 6/4to6/3 6/3to6/2 6/2to6/1 6/1to6/0 6/0to7/0 7/0to8/0 8/0to7/0"/>
    </vehicle>
    <vehicle id="28" depart="28.00">
        <route edges="5/9to5/8 5/8to4/8 4/8to3/8 3/8to2/8 2/8to1/8 1/8to0/8 0/8to0/7 0/7to0/6 0/6to0/5 0/5to0/4 0/4to0/3 0/3to0/2 0/2to1/2"/>
    </vehicle>
    <vehicle id="29" depart="29.00">
        <route edges="6/8to5/8 5/8to4/8 4/8to3/8 3/8to2/8 2/8to1/8 1/8to1/7 1/7to1/6 1/6to1/5 1/5to1/4 1/4to1/3 1/3to1/2 1/2to1/1 1/1to1/0"/>
    </vehicle>
    <vehicle id="30" depart="30.00">
        <route edges="2/1to2/0 2/0to2/1 2/1to2/2 2/2to2/3 2/3to2/4 2/4to2/5 2/5to2/6 2/6to2/7 2/7to2/8 2/8to2/9 2/9to3/9 3/9to4/9 4/9to4/8"/>
    </vehicle>
    <vehicle id="31" depart="31.00">
        <route edges="6/8to6/7 6/7to5/7 5/7to4/7 4/7to3/7 3/7to2/7 2/7to1/7 1/7to1/6 1/6to1/5 1/5to1/4 1/4to0/4"/>
    </vehicle>
    <vehicle id="32" depart="32.00">
        <route edges="10/4to10/5 10/5to9/5 9/5to8/5 8/5to7/5 7/5to6/5 6/5to5/5 5/5to4/5 4/5to3/5 3/5to3/4 3/4to4/4"/>
    </vehicle>
    <vehicle id="33" depart="33.00">
        <route edges="8/7to8/6 8/6to7/6 7/6to6/6 6/6to5/6 5/6to4/6 4/6to3/6 3/6to3/7 3/7to4/7"/>
    </vehicle>
    <vehicle id="34" depart="34.00">
        <route edges="7/10to6/10 6/10to6/9 6/9to6/8 6/8to6/7 6/7to6/6 6/6to6/5 6/5to6/4 6/4to6/3 6/3to6/2 6/2to6/1 6/1to6/0"/>
    </vehicle>
    <vehicle id="35" depart="35.00">
        <route edges="8/5to7/5 7/5to6/5 6/5to5/5 5/5to4/5 4/5to3/5 3/5to2/5 2/5to2/4 2/4to2/3 2/3to2/2"/>
    </vehicle>
    <vehicle id="36" depart="36.00">
        <route edges="8/1to9/1 9/1to8/1 8/1to7/1 7/1to6/1 6/1to5/1 5/1to4/1 4/1to4/0 4/0to4/1"/>
    </vehicle>
    <vehicle id="37" depart="37.00">
        <route edges="10/2to9/2 9/2to8/2 8/2to7/2 7/2to6/2 6/2to5/2 5/2to4/2 4/2to3/2 3/2to2/2 2/2to1/2 1/2to1/3 1/3to1/4 1/4to1/5 1/5to1/6 1/6to1/7 1/7to1/8 1/8to0/8"/>
    </vehicle>
    <vehicle id="38" depart="38.00">
        <route edges="6/6to7/6 7/6to7/7 7/7to7/8"/>
    </vehicle>
    <vehicle id="39" depart="39.00">
        <route edges="9/10to9/9 9/9to8/9 8/9to7/9 7/9to6/9 6/9to5/9 5/9to4/9 4/9to4/10 4/10to4/9"/>
    </vehicle>
    <vehicle id="40" depart="40.00">
        <route edges="5/4to4/4 4/4to4/5 4/5to4/6 4/6to4/7 4/7to4/8"/>
    </vehicle>
    <vehicle id="41" depart="41.00">
        <route edges="1/4to2/4 2/4to2/3 2/3to2/2 2/2to2/1 2/1to3/1 3/1to4/1 4/1to5/1 5/1to6/1 6/1to7/1 7/1to7/0"/>
    </vehicle>
    <vehicle id="42" depart="42.00">
        <route edges="7/5to7/6 7/6to6/6 6/6to6/5 6/5to6/4 6/4to6/3 6/3to6/2 6/2to6/1 6/1to6/0 6/0to5/0"/>
    </vehicle>
    <vehicle id="43" depart="43.00">
        <route edges="1/8to2/8 2/8to3/8 3/8to4/8 4/8to5/8 5/8to6/8 6/8to7/8 7/8to8/8 8/8to9/8 9/8to10/8 10/8to10/7 10/7to10/6 10/6to10/7"/>
    </vehicle>
    <vehicle id="44" depart="44.00">
        <route edges="7/1to7/0 7/0to6/0 6/0to5/0 5/0to4/0 4/0to3/0 3/0to3/1 3/1to3/2 3/2to3/3 3/3to4/3"/>
    </vehicle>
    <vehicle id="45" depart="45.00">
        <route edges="5/6to4/6 4/6to3/6 3/6to2/6 2/6to1/6 1/6to0/6 0/6to0/5 0/5to0/4 0/4to0/3 0/3to0/2 0/2to0/1 0/1to0/0 0/0to0/1"/>
    </vehicle>
    <vehicle id="46" depart="46.00">
        <route edges="8/5to8/4 8/4to8/5 8/5to9/5 9/5to8/5"/>
    </vehicle>
    <vehicle id="47" depart="47.00">
        <route edges="6/0to5/0 5/0to5/1 5/1to5/2 5/2to5/3 5/3to5/4 5/4to5/5 5/5to5/6 5/6to5/7 5/7to5/8 5/8to5/9 5/9to5/10 5/10to6/10 6/10to7/10 7/10to6/10"/>
    </vehicle>
    <vehicle id="48" depart="48.00">
        <route edges="8/7to8/6 8/6to7/6 7/6to6/6 6/6to5/6 5/6to4/6 4/6to3/6 3/6to2/6 2/6to1/6 1/6to1/7 1/7to1/6"/>
    </vehicle>
    <vehicle id="49" depart="49.00">
        <route edges="1/6to0/6 0/6to0/5 0/5to0/4 0/4to0/3 0/3to1/3 1/3to2/3 2/3to3/3 3/3to4/3 4/3to3/3"/>
    </vehicle>
    <vehicle id="50" depart="50.00">
        <route edges="3/1to2/1 2/1to1/1 1/1to0/1 0/1to0/2 0/2to0/3 0/3to0/4 0/4to1/4"/>
    </vehicle>
    <vehicle id="51" depart="51.00">
        <route edges="8/2to8/1 8/1to8/2"/>
    </vehicle>
    <vehicle id="52" depart="52.00">
        <route edges="1/6to2/6 2/6to3/6 3/6to4/6 4/6to5/6 5/6to6/6 6/6to7/6 7/6to8/6"/>
    </vehicle>
    <vehicle id="53" depart="53.00">
        <route edges="2/5to2/4 2/4to2/3 2/3to3/3 3/3to4/3 4/3to5/3 5/3to6/3 6/3to6/2"/>
    </vehicle>
    <vehicle id="54" depart="54.00">
        <route edges="1/8to0/8 0/8to0/7 0/7to0/6 0/6to0/5 0/5to0/4 0/4to1/4 1/4to2/4 2/4to3/4 3/4to4/4 4/4to5/4 5/4to6/4 6/4to7/4 7/4to8/4 8/4to9/4 9/4to8/4"/>
    </vehicle>
    <vehicle id="55" depart="55.00">
        <route edges="4/8to4/9 4/9to3/9 3/9to2/9 2/9to1/9 1/9to0/9 0/9to0/10 0/10to0/9"/>
    </vehicle>
    <vehicle id="56" depart="56.00">
        <route edges="3/2to2/2 2/2to1/2 1/2to0/2 0/2to0/3"/>
    </vehicle>
    <vehicle id="57" depart="57.00">
        <route edges="7/2to6/2 6/2to6/3 6/3to6/4 6/4to6/5 6/5to6/6 6/6to6/7 6/7to6/8 6/8to6/9 6/9to7/9"/>
    </vehicle>
    <vehicle id="58" depart="58.00">
        <route edges="7/0to8/0 8/0to7/0 7/0to6/0 6/0to5/0 5/0to4/0 4/0to3/0 3/0to2/0 2/0to1/0 1/0to1/1 1/1to1/2 1/2to1/3 1/3to1/4 1/4to1/5 1/5to1/6 1/6to1/7"/>
    </vehicle>
    <vehicle id="59" depart="59.00">
        <route edges="3/4to3/3 3/3to3/4 3/4to3/5 3/5to3/6 3/6to3/7 3/7to4/7 4/7to5/7 5/7to6/7 6/7to7/7 7/7to8/7"/>
    </vehicle>
    <vehicle id="60" depart="60.00">
        <route edges="4/5to4/6 4/6to3/6 3/6to2/6 2/6to1/6 1/6to0/6 0/6to0/5 0/5to0/4 0/4to0/3 0/3to0/4"/>
    </vehicle>
    <vehicle id="61" depart="61.00">
        <route edges="8/4to9/4 9/4to10/4 10/4to9/4"/>
    </vehicle>
    <vehicle id="62" depart="62.00">
        <route edges="1/9to1/8 1/8to1/9 1/9to1/10 1/10to2/10 2/10to3/10 3/10to4/10 4/10to5/10 5/10to6/10 6/10to7/10"/>
    </vehicle>
    <vehicle id="63" depart="63.00">
        <route edges="4/9to4/10 4/10to4/9 4/9to4/8 4/8to4/7 4/7to4/6 4/6to4/5 4/5to4/4 4/4to4/3 4/3to4/2 4/2to4/1 4/1to5/1 5/1to6/1 6/1to7/1 7/1to8/1 8/1to9/1 9/1to8/1"/>
    </vehicle>
    <vehicle id="64" depart="64.00">
        <route edges="0/4to0/5 0/5to0/6 0/6to1/6 1/6to2/6 2/6to3/6 3/6to4/6 4/6to5/6 5/6to6/6 6/6to7/6 7/6to8/6 8/6to9/6 9/6to10/6"/>
    </vehicle>
    <vehicle id="65" depart="65.00">
        <route edges="3/0to4/0 4/0to4/1 4/1to4/2 4/2to4/3 4/3to4/4 4/4to4/5 4/5to4/6 4/6to5/6 5/6to5/5"/>
    </vehicle>
    <vehicle id="66" depart="66.00">
        <route edges="7/7to8/7 8/7to7/7 7/7to6/7 6/7to5/7 5/7to4/7 4/7to4/6 4/6to4/5 4/5to4/4 4/4to4/3 4/3to4/2 4/2to3/2"/>
    </vehicle>
    <vehicle id="67" depart="67.00">
        <route edges="8/9to8/10 8/10to7/10 7/10to6/10 6/10to5/10 5/10to4/10 4/10to4/9 4/9to4/8 4/8to4/7 4/7to4/6 4/6to4/5 4/5to4/4 4/4to4/3 4/3to4/2 4/2to4/1 4/1to5/1"/>
    </vehicle>
    <vehicle id="68" depart="68.00">
        <route edges="9/2to10/2 10/2to9/2 9/2to8/2 8/2to7/2 7/2to6/2 6/2to5/2 5/2to5/3 5/3to5/4 5/4to5/5 5/5to5/6 5/6to5/7 5/7to5/6"/>
    </vehicle>
    <vehicle id="69" depart="69.00">
        <route edges="1/6to1/5 1/5to1/4 1/4to1/3 1/3to1/2 1/2to2/2 2/2to3/2 3/2to2/2"/>
    </vehicle>
    <vehicle id="70" depart="70.00">
        <route edges="9/6to8/6 8/6to7/6 7/6to6/6 6/6to6/7 6/7to6/8 6/8to6/9 6/9to5/9"/>
    </vehicle>
    <vehicle id="71" depart="71.00">
        <route edges="8/7to8/6 8/6to7/6 7/6to6/6 6/6to6/5 6/5to7/5"/>
    </vehicle>
    <vehicle id="72" depart="72.00">
        <route edges="2/3to2/4 2/4to1/4 1/4to1/5 1/5to1/6 1/6to2/6"/>
    </vehicle>
    <vehicle id="73" depart="73.00">
        <route edges="1/7to0/7 0/7to0/8 0/8to0/9 0/9to0/8"/>
    </vehicle>
    <vehicle id="74" depart="74.00">
        <route edges="8/7to7/7 7/7to6/7 6/7to5/7 5/7to5/6 5/6to4/6"/>
    </vehicle>
    <vehicle id="75" depart="75.00">
        <route edges="9/9to9/8 9/8to8/8 8/8to7/8 7/8to7/7 7/7to7/6 7/6to7/5 7/5to7/4 7/4to7/3 7/3to7/2 7/2to7/1 7/1to7/0 7/0to8/0"/>
    </vehicle>
    <vehicle id="76" depart="76.00">
        <route edges="5/4to6/4 6/4to5/4 5/4to4/4 4/4to3/4 3/4to2/4 2/4to1/4 1/4to1/3 1/3to1/2 1/2to1/3"/>
    </vehicle>
    <vehicle id="77" depart="77.00">
        <route edges="3/2to3/3 3/3to3/4 3/4to3/5 3/5to3/6 3/6to3/7 3/7to4/7 4/7to5/7 5/7to6/7 6/7to7/7 7/7to8/7 8/7to8/6"/>
    </vehicle>
    <vehicle id="78" depart="78.00">
        <route edges="6/7to6/6 6/6to5/6 5/6to4/6 4/6to4/7 4/7to4/8 4/8to3/8"/>
    </vehicle>
    <vehicle id="79" depart="79.00">
        <route edges="7/6to7/5 7/5to8/5 8/5to9/5 9/5to10/5 10/5to10/6 10/6to10/7 10/7to10/8 10/8to10/9 10/9to10/10"/>
    </vehicle>
    <vehicle id="80" depart="80.00">
        <route edges="6/7to6/6 6/6to5/6 5/6to4/6 4/6to3/6 3/6to3/5 3/5to3/4 3/4to3/3"/>
    </vehicle>
    <vehicle id="81" depart="81.00">
        <route edges="4/2to4/1 4/1to4/2 4/2to4/3 4/3to4/4 4/4to4/5 4/5to4/6 4/6to4/7 4/7to4/8 4/8to5/8 5/8to6/8 6/8to7/8 7/8to8/8 8/8to8/7"/>
    </vehicle>
    <vehicle id="82" depart="82.00">
        <route edges="1/1to1/0 1/0to1/1 1/1to1/2 1/2to1/3 1/3to1/4 1/4to2/4 2/4to3/4 3/4to4/4 4/4to5/4 5/4to6/4 6/4to7/4 7/4to8/4 8/4to9/4 9/4to10/4"/>
    </vehicle>
    <vehicle id="83" depart="83.00">
        <route edges="2/2to1/2 1/2to1/3 1/3to1/4 1/4to1/5 1/5to2/5 2/5to1/5"/>
    </vehicle>
    <vehicle id="84" depart="84.00">
        <route edges="6/1to5/1 5/1to6/1 6/1to7/1 7/1to8/1 8/1to9/1 9/1to10/1 10/1to10/2 10/2to10/3 10/3to10/4 10/4to10/5 10/5to10/6 10/6to9/6"/>
    </vehicle>
    <vehicle id="85" depart="85.00">
        <route edges="4/0to4/1 4/1to3/1 3/1to2/1 2/1to1/1 1/1to0/1 0/1to0/2 0/2to0/3 0/3to0/4 0/4to0/5 0/5to0/6 0/6to0/7 0/7to0/8 0/8to0/9"/>
    </vehicle>
    <vehicle id="86" depart="86.00">
        <route edges="4/3to4/4 4/4to4/5 4/5to4/6 4/6to4/7 4/7to4/8 4/8to4/9 4/9to4/10"/>
    </vehicle>
    <vehicle id="87" depart="87.00">
        <route edges="1/0to0/0 0/0to0/1 0/1to0/2 0/2to0/3 0/3to1/3 1/3to2/3 2/3to3/3 3/3to3/4"/>
    </vehicle>
    <vehicle id="88" depart="88.00">
        <route edges="2/4to2/5 2/5to2/6 2/6to2/7 2/7to2/8 2/8to2/9 2/9to2/10 2/10to3/10 3/10to4/10 4/10to5/10 5/10to6/10 6/10to7/10 7/10to8/10 8/10to9/10 9/10to8/10"/>
    </vehicle>
    <vehicle id="89" depart="89.00">
        <route edges="8/1to7/1 7/1to8/1 8/1to9/1 9/1to10/1 10/1to10/2 10/2to10/3 10/3to10/4 10/4to10/5 10/5to10/6 10/6to10/7 10/7to10/8 10/8to10/9 10/9to10/10 10/10to10/9"/>
    </vehicle>
    <vehicle id="90" depart="90.00">
        <route edges="8/5to9/5 9/5to8/5 8/5to7/5 7/5to7/6 7/6to7/7 7/7to7/8"/>
    </vehicle>
    <vehicle id="91" depart="91.00">
        <route edges="4/4to4/3 4/3to5/3 5/3to6/3 6/3to7/3 7/3to8/3 8/3to9/3 9/3to10/3 10/3to10/4 10/4to10/5 10/5to10/4"/>
    </vehicle>
    <vehicle id="92" depart="92.00">
        <route edges="7/7to7/6 7/6to8/6 8/6to9/6 9/6to9/5"/>
    </vehicle>
    <vehicle id="93" depart="93.00">
        <route edges="8/10to9/10 9/10to8/10 8/10to7/10 7/10to7/9 7/9to7/8 7/8to7/7 7/7to7/6 7/6to7/5 7/5to7/6"/>
    </vehicle>
    <vehicle id="94" depart="94.00">
        <route edges="6/5to6/4 6/4to5/4 5/4to4/4 4/4to3/4 3/4to4/4"/>
    </vehicle>
    <vehicle id="95" depart="95.00">
        <route edges="8/1to8/0 8/0to8/1 8/1to8/2 8/2to8/3 8/3to8/4 8/4to8/5 8/5to8/4"/>
    </vehicle>
    <vehicle id="96" depart="96.00">
        <route edges="7/1to7/0 7/0to6/0 6/0to5/0 5/0to4/0 4/0to3/0 3/0to3/1 3/1to3/2 3/2to3/3 3/3to3/4 3/4to3/5 3/5to3/6 3/6to3/7 3/7to3/8 3/8to3/7"/>
    </vehicle>
    <vehicle id="97" depart="97.00">
        <route edges="0/10to1/10 1/10to1/9 1/9to1/8 1/8to1/7 1/7to1/6 1/6to1/5 1/5to1/4 1/4to1/3 1/3to1/2 1/2to1/1 1/1to2/1 2/1to1/1"/>
    </vehicle>
    <vehicle id="98" depart="98.00">
        <route edges="9/2to9/1 9/1to8/1 8/1to7/1 7/1to6/1 6/1to6/0 6/0to7/0"/>
    </vehicle>
    <vehicle id="99" depart="99.00">
        <route edges="1/6to1/5 1/5to1/4 1/4to2/4 2/4to3/4 3/4to4/4 4/4to3/4"/>
    </vehicle>
    <vehicle id="100" depart="100.00">
        <route edges="2/8to3/8 3/8to3/7 3/7to4/7 4/7to5/7 5/7to6/7 6/7to7/7 7/7to8/7 8/7to8/8"/>
    </vehicle>
    <vehicle id="101" depart="101.00">
        <route edges="4/5to4/6 4/6to3/6 3/6to2/6 2/6to1/6 1/6to0/6 0/6to0/5 0/5to0/4 0/4to0/3 0/3to0/2 0/2to0/1"/>
    </vehicle>
    <vehicle id="102" depart="102.00">
        <route edges="6/8to6/7 6/7to5/7 5/7to4/7 4/7to3/7 3/7to2/7 2/7to1/7 1/7to0/7 0/7to0/6 0/6to0/5 0/5to0/4 0/4to0/3 0/3to0/2 0/2to0/1 0/1to0/0 0/0to0/1"/>
    </vehicle>
    <vehicle id="103" depart="103.00">
        <route edges="9/0to8/0 8/0to7/0 7/0to6/0 6/0to5/0 5/0to4/0 4/0to3/0 3/0to2/0 2/0to1/0 1/0to1/1 1/1to0/1 0/1to0/2 0/2to0/3 0/3to0/4 0/4to0/5 0/5to0/6 0/6to0/7 0/7to0/8 0/8to0/7"/>
    </vehicle>
    <vehicle id="104" depart="104.00">
        <route edges="0/5to0/6 0/6to1/6 1/6to2/6 2/6to3/6 3/6to4/6 4/6to5/6 5/6to6/6 6/6to7/6 7/6to8/6 8/6to9/6 9/6to10/6 10/6to10/7 10/7to10/8 10/8to10/9 10/9to9/9"/>
    </vehicle>
    <vehicle id="105" depart="105.00">
        <route edges="2/9to1/9 1/9to1/8 1/8to1/7 1/7to1/6 1/6to2/6 2/6to3/6 3/6to4/6 4/6to5/6 5/6to6/6 6/6to5/6"/>
    </vehicle>
    <vehicle id="106" depart="106.00">
        <route edges="4/9to4/8 4/8to4/9 4/9to4/10 4/10to5/10 5/10to6/10 6/10to7/10 7/10to7/9"/>
    </vehicle>
    <vehicle id="107" depart="107.00">
        <route edges="7/1to7/2 7/2to7/3 7/3to7/4 7/4to7/5 7/5to7/6 7/6to7/7 7/7to7/8 7/8to8/8 8/8to9/8 9/8to9/7"/>
    </vehicle>
    <vehicle id="108" depart="108.00">
        <route edges="4/1to5/1 5/1to5/2 5/2to5/3 5/3to5/4 5/4to5/5 5/5to6/5 6/5to7/5 7/5to8/5 8/5to9/5 9/5to10/5"/>
    </vehicle>
    <vehicle id="109" depart="109.00">
        <route edges="4/3to5/3 5/3to6/3 6/3to7/3 7/3to8/3 8/3to8/2"/>
    </vehicle>
    <vehicle id="110" depart="110.00">
        <route edges="3/1to3/2"/>
    </vehicle>
    <vehicle id="111" depart="111.00">
        <route edges="8/9to8/8 8/8to8/7 8/7to8/6 8/6to8/5 8/5to8/4 8/4to8/3 8/3to9/3"/>
    </vehicle>
    <vehicle id="112" depart="112.00">
        <route edges="1/8to1/9 1/9to1/8 1/8to1/7 1/7to2/7 2/7to3/7 3/7to4/7 4/7to4/8"/>
    </vehicle>
    <vehicle id="113" depart="113.00">
        <route edges="2/3to2/2 2/2to2/3 2/3to2/4 2/4to2/5 2/5to2/6 2/6to2/7 2/7to3/7 3/7to4/7 4/7to5/7 5/7to6/7 6/7to7/7 7/7to7/6"/>
    </vehicle>
    <vehicle id="114" depart="114.00">
        <route edges="10/4to10/3 10/3to9/3 9/3to8/3 8/3to7/3 7/3to7/4 7/4to7/5"/>
    </vehicle>
    <vehicle id="115" depart="115.00">
        <route edges="2/6to2/7 2/7to3/7 3/7to4/7 4/7to5/7 5/7to6/7 6/7to7/7 7/7to8/7 8/7to9/7 9/7to10/7 10/7to10/6 10/6to10/5 10/5to10/4 10/4to10/3 10/3to10/2 10/2to10/1 10/1to9/1"/>
    </vehicle>
    <vehicle id="116" depart="116.00">
        <route edges="7/8to8/8 8/8to7/8 7/8to6/8 6/8to6/7 6/7to6/6"/>
    </vehicle>
    <vehicle id="117" depart="117.00">
        <route edges="8/2to9/2 9/2to8/2 8/2to7/2 7/2to6/2 6/2to5/2 5/2to4/2 4/2to3/2 3/2to2/2 2/2to1/2 1/2to0/2 0/2to0/3 0/3to0/4 0/4to0/5 0/5to0/4"/>
    </vehicle>
    <vehicle id="118" depart="118.00">
        <route edges="0/9to0/8 0/8to0/7 0/7to1/7 1/7to2/7 2/7to3/7 3/7to4/7 4/7to5/7 5/7to6/7"/>
    </vehicle>
    <vehicle id="119" depart="119.00">
        <route edges="1/6to0/6 0/6to0/5 0/5to0/4 0/4to0/3 0/3to0/2 0/2to0/1 0/1to1/1 1/1to2/1 2/1to3/1 3/1to4/1 4/1to4/2"/>
    </vehicle>
    <vehicle id="120" depart="120.00">
        <route edges="5/5to5/6 5/6to5/5 5/5to5/4 5/4to5/3 5/3to6/3 6/3to7/3"/>
    </vehicle>
    <vehicle id="121" depart="121.00">
        <route edges="10/3to10/2 10/2to9/2 9/2to8/2 8/2to7/2 7/2to6/2 6/2to5/2 5/2to4/2 4/2to3/2 3/2to2/2 2/2to1/2 1/2to1/1 1/1to1/0 1/0to2/0"/>
    </vehicle>
    <vehicle id="122" depart="122.00">
        <route edges="4/10to3/10 3/10to3/9 3/9to4/9 4/9to5/9 5/9to6/9 6/9to7/9 7/9to8/9 8/9to9/9 9/9to8/9"/>
    </vehicle>
    <vehicle id="123" depart="123.00">
        <route edges="3/8to3/7 3/7to3/6 3/6to3/5 3/5to3/4 3/4to3/3 3/3to3/2 3/2to4/2 4/2to5/2"/>
    </vehicle>
    <vehicle id="124" depart="124.00">
        <route edges="8/0to9/0 9/0to8/0 8/0to7/0 7/0to6/0 6/0to5/0 5/0to4/0 4/0to4/1 4/1to4/2 4/2to4/3 4/3to4/4 4/4to4/5 4/5to4/6 4/6to4/7 4/7to4/8 4/8to5/8"/>
    </vehicle>
    <vehicle id="125" depart="125.00">
        <route edges="6/7to6/6 6/6to5/6 5/6to4/6 4/6to3/6 3/6to3/5 3/5to3/4 3/4to3/3 3/3to3/2 3/2to3/1 3/1to4/1"/>
    </vehicle>
    <vehicle id="126" depart="126.00">
        <route edges="0/5to0/4 0/4to1/4 1/4to2/4 2/4to3/4 3/4to4/4 4/4to5/4 5/4to6/4 6/4to7/4 7/4to8/4 8/4to9/4 9/4to10/4 10/4to10/3 10/3to10/2 10/2to10/1 10/1to10/0 10/0to9/0"/>
    </vehicle>
    <vehicle id="127" depart="127.00">
        <route edges="0/10to0/9 0/9to0/8 0/8to0/7 0/7to0/6 0/6to0/5 0/5to0/4 0/4to0/3 0/3to0/2 0/2to0/1 0/1to1/1 1/1to1/0 1/0to2/0 2/0to3/0 3/0to4/0 4/0to5/0 5/0to6/0"/>
    </vehicle>
    <vehicle id="128" depart="128.00">
        <route edges="3/5to2/5 2/5to2/6 2/6to2/7 2/7to3/7"/>
    </vehicle>
    <vehicle id="129" depart="129.00">
        <route edges="10/9to10/8 10/8to9/8 9/8to8/8 8/8to7/8 7/8to7/7"/>
    </vehicle>
    <vehicle id="130" depart="130.00">
        <route edges="4/5to4/6 4/6to4/5 4/5to5/5 5/5to6/5 6/5to7/5 7/5to8/5"/>
    </vehicle>
    <vehicle id="131" depart="131.00">
        <route edges="7/7to7/6 7/6to6/6 6/6to5/6 5/6to4/6 4/6to3/6 3/6to2/6 2/6to1/6 1/6to0/6 0/6to0/5 0/5to0/4 0/4to0/3 0/3to0/2 0/2to0/1 0/1to0/0 0/0to0/1"/>
    </vehicle>
    <vehicle id="132" depart="132.00">
        <route edges="7/2to7/1 7/1to6/1 6/1to5/1 5/1to4/1 4/1to3/1 3/1to2/1 2/1to2/0 2/0to2/1"/>
    </vehicle>
    <vehicle id="133" depart="133.00">
        <route edges="3/8to2/8 2/8to2/7 2/7to2/6 2/6to2/5 2/5to2/4 2/4to2/3 2/3to2/2 2/2to2/1 2/1to2/0 2/0to3/0 3/0to4/0 4/0to5/0 5/0to6/0 6/0to7/0 7/0to7/1"/>
    </vehicle>
    <vehicle id="134" depart="134.00">
        <route edges="9/6to8/6 8/6to7/6 7/6to7/7"/>
    </vehicle>
    <vehicle id="135" depart="135.00">
        <route edges="6/3to5/3 5/3to6/3 6/3to7/3 7/3to8/3 8/3to9/3 9/3to10/3"/>
    </vehicle>
    <vehicle id="136" depart="136.00">
        <route edges="10/0to10/1 10/1to9/1 9/1to8/1 8/1to7/1 7/1to6/1 6/1to5/1 5/1to4/1 4/1to3/1 3/1to2/1 2/1to2/2 2/2to2/3 2/3to2/4 2/4to3/4"/>
    </vehicle>
    <vehicle id="137" depart="137.00">
        <route edges="10/7to10/6 10/6to9/6 9/6to8/6 8/6to7/6 7/6to6/6 6/6to5/6 5/6to5/7 5/7to5/8 5/8to5/7"/>
    </vehicle>
    <vehicle id="138" depart="138.00">
        <route edges="4/1to3/1 3/1to3/2 3/2to3/3 3/3to3/4 3/4to3/5 3/5to3/6 3/6to3/7 3/7to4/7 4/7to5/7 5/7to6/7 6/7to7/7 7/7to8/7 8/7to9/7 9/7to9/6"/>
    </vehicle>
    <vehicle id="139" depart="139.00">
        <route edges="4/5to3/5 3/5to2/5 2/5to1/5 1/5to0/5 0/5to0/4 0/4to0/3 0/3to0/2 0/2to0/1"/>
    </vehicle>
    <vehicle id="140" depart="140.00">
        <route edges="4/8to4/7 4/7to3/7 3/7to2/7 2/7to1/7 1/7to0/7 0/7to0/6 0/6to0/5 0/5to0/4"/>
    </vehicle>
    <vehicle id="141" depart="141.00">
        <route edges="1/2to2/2 2/2to1/2 1/2to1/3 1/3to0/3"/>
    </vehicle>
    <vehicle id="142" depart="142.00">
        <route edges="5/9to5/10 5/10to5/9 5/9to5/8 5/8to5/7 5/7to5/6 5/6to5/5 5/5to5/4 5/4to5/3 5/3to6/3 6/3to6/2"/>
    </vehicle>
    <vehicle id="143" depart="143.00">
        <route edges="1/5to1/4 1/4to1/5 1/5to2/5 2/5to1/5"/>
    </vehicle>
    <vehicle id="144" depart="144.00">
        <route edges="10/1to9/1 9/1to9/2"/>
    </vehicle>
    <vehicle id="145" depart="145.00">
        <route edges="4/2to3/2 3/2to2/2 2/2to1/2 1/2to0/2 0/2to0/3 0/3to0/4 0/4to0/5 0/5to0/6 0/6to0/7 0/7to0/8 0/8to0/9 0/9to0/8"/>
    </vehicle>
    <vehicle id="146" depart="146.00">
        <route edges="3/4to4/4 4/4to4/3 4/3to4/2 4/2to3/2"/>
    </vehicle>
    <vehicle id="147" depart="147.00">
        <route edges="4/5to4/6 4/6to4/5 4/5to4/4 4/4to4/3 4/3to4/2 4/2to4/1 4/1to5/1 5/1to6/1 6/1to7/1 7/1to8/1 8/1to8/2"/>
    </vehicle>
    <vehicle id="148" depart="148.00">
        <route edges="8/1to8/2 8/2to7/2 7/2to6/2 6/2to5/2 5/2to4/2 4/2to3/2 3/2to2/2 2/2to1/2 1/2to0/2 0/2to0/3 0/3to0/4 0/4to0/5 0/5to0/6 0/6to0/7 0/7to0/8 0/8to0/9 0/9to0/10"/>
    </vehicle>
    <vehicle id="149" depart="149.00">
        <route edges="2/9to2/10 2/10to2/9 2/9to2/8 2/8to2/7 2/7to2/6 2/6to2/5 2/5to2/4 2/4to2/3 2/3to3/3 3/3to4/3 4/3to3/3"/>
    </vehicle>
    <vehicle id="150" depart="150.00">
        <route edges="10/1to10/0 10/0to9/0 9/0to8/0 8/0to8/1 8/1to8/2 8/2to8/3 8/3to8/4 8/4to8/5 8/5to8/6 8/6to7/6"/>
    </vehicle>
    <vehicle id="151" depart="151.00">
        <route edges="3/10to4/10 4/10to4/9 4/9to5/9 5/9to6/9 6/9to7/9 7/9to7/8"/>
    </vehicle>
    <vehicle id="152" depart="152.00">
        <route edges="0/1to1/1 1/1to1/2 1/2to1/3 1/3to1/4 1/4to2/4 2/4to3/4 3/4to4/4 4/4to5/4 5/4to5/5"/>
    </vehicle>
    <vehicle id="153" depart="153.00">
        <route edges="10/5to9/5 9/5to8/5 8/5to7/5 7/5to6/5 6/5to5/5 5/5to4/5 4/5to3/5 3/5to3/4 3/4to3/3 3/3to3/2 3/2to3/1 3/1to3/2"/>
    </vehicle>
    <vehicle id="154" depart="154.00">
        <route edges="1/6to0/6 0/6to0/5 0/5to0/4 0/4to0/3 0/3to0/2 0/2to1/2 1/2to2/2 2/2to3/2"/>
    </vehicle>
    <vehicle id="155" depart="155.00">
        <route edges="6/7to6/6 6/6to6/5 6/5to6/4 6/4to6/3 6/3to6/2 6/2to6/1 6/1to5/1"/>
    </vehicle>
    <vehicle id="156" depart="156.00">
        <route edges="1/6to2/6 2/6to2/5 2/5to2/4 2/4to2/3 2/3to2/2 2/2to2/1 2/1to3/1 3/1to4/1 4/1to5/1 5/1to6/1 6/1to6/2"/>
    </vehicle>
    <vehicle id="157" depart="157.00">
        <route edges="0/1to0/2 0/2to0/3 0/3to0/4 0/4to0/5 0/5to0/6 0/6to0/7 0/7to1/7 1/7to2/7 2/7to3/7 3/7to4/7 4/7to5/7 5/7to6/7 6/7to7/7 7/7to8/7 8/7to8/6"/>
    </vehicle>
    <vehicle id="158" depart="158.00">
        <route edges="0/7to0/8 0/8to0/7 0/7to0/6 0/6to0/5 0/5to1/5 1/5to2/5 2/5to3/5 3/5to4/5 4/5to5/5 5/5to6/5 6/5to7/5 7/5to8/5 8/5to9/5 9/5to9/6"/>
    </vehicle>
    <vehicle id="159" depart="159.00">
        <route edges="2/7to3/7 3/7to3/8 3/8to4/8 4/8to5/8 5/8to6/8 6/8to7/8 7/8to8/8"/>
    </vehicle>
    <vehicle id="160" depart="160.00">
        <route edges="3/5to4/5 4/5to3/5 3/5to2/5 2/5to1/5 1/5to0/5 0/5to0/6 0/6to0/7 0/7to0/8 0/8to0/9 0/9to0/10 0/10to1/10"/>
    </vehicle>
    <vehicle id="161" depart="161.00">
        <route edges="2/10to2/9 2/9to2/8 2/8to3/8 3/8to4/8 4/8to3/8"/>
    </vehicle>
    <vehicle id="162" depart="162.00">
        <route edges="2/0to3/0 3/0to4/0 4/0to5/0 5/0to6/0 6/0to7/0 7/0to8/0"/>
    </vehicle>
    <vehicle id="163" depart="163.00">
        <route edges="5/3to6/3 6/3to5/3 5/3to5/4 5/4to5/5 5/5to5/6 5/6to5/7 5/7to5/8"/>
    </vehicle>
    <vehicle id="164" depart="164.00">
        <route edges="8/7to8/6 8/6to7/6 7/6to6/6 6/6to5/6 5/6to4/6 4/6to3/6 3/6to2/6 2/6to1/6 1/6to1/5 1/5to1/4 1/4to1/3 1/3to1/2 1/2to1/1"/>
    </vehicle>
    <vehicle id="165" depart="165.00">
        <route edges="1/3to2/3 2/3to2/4 2/4to2/5 2/5to2/6 2/6to3/6 3/6to4/6 4/6to5/6 5/6to6/6 6/6to7/6 7/6to8/6 8/6to7/6"/>
    </vehicle>
    <vehicle id="166" depart="166.00">
        <route edges="3/2to2/2 2/2to2/3 2/3to2/4 2/4to2/5 2/5to2/6 2/6to2/7 2/7to3/7 3/7to4/7 4/7to5/7 5/7to6/7 6/7to7/7 7/7to8/7"/>
    </vehicle>
    <vehicle id="167" depart="167.00">
        <route edges="8/8to8/7 8/7to7/7 7/7to6/7 6/7to5/7 5/7to4/7 4/7to3/7 3/7to2/7 2/7to2/6 2/6to2/5 2/5to2/4 2/4to3/4"/>
    </vehicle>
    <vehicle id="168" depart="168.00">
        <route edges="10/3to10/4 10/4to9/4 9/4to8/4 8/4to7/4 7/4to6/4 6/4to5/4 5/4to4/4 4/4to3/4 3/4to2/4 2/4to2/5 2/5to2/6 2/6to2/7 2/7to2/8 2/8to2/9 2/9to2/10 2/10to1/10"/>
    </vehicle>
    <vehicle id="169" depart="169.00">
        <route edges="8/5to8/6 8/6to7/6 7/6to6/6 6/6to5/6 5/6to4/6 4/6to3/6 3/6to2/6 2/6to2/5 2/5to2/4 2/4to2/3 2/3to2/2 2/2to2/1 2/1to3/1"/>
    </vehicle>
    <vehicle id="170" depart="170.00">
        <route edges="8/9to9/9 9/9to8/9 8/9to7/9 7/9to6/9 6/9to5/9 5/9to4/9 4/9to3/9 3/9to2/9 2/9to1/9 1/9to0/9 0/9to0/8 0/8to0/7 0/7to0/6 0/6to0/5 0/5to0/4"/>
    </vehicle>
    <vehicle id="171" depart="171.00">
        <route edges="6/7to7/7 7/7to6/7 6/7to5/7 5/7to4/7 4/7to3/7 3/7to2/7 2/7to1/7 1/7to1/6 1/6to1/5 1/5to1/4 1/4to1/3 1/3to1/2 1/2to1/1 1/1to1/0 1/0to1/1"/>
    </vehicle>
    <vehicle id="172" depart="172.00">
        <route edges="5/1to5/0 5/0to5/1 5/1to6/1"/>
    </vehicle>
    <vehicle id="173" depart="173.00">
        <route edges="2/7to2/8 2/8to2/9 2/9to2/10 2/10to3/10 3/10to4/10 4/10to5/10 5/10to6/10 6/10to7/10 7/10to8/10 8/10to9/10 9/10to10/10"/>
    </vehicle>
    <vehicle id="174" depart="174.00">
        <route edges="4/5to4/6 4/6to5/6 5/6to6/6 6/6to7/6 7/6to8/6 8/6to9/6 9/6to10/6 10/6to10/5 10/5to9/5"/>
    </vehicle>
    <vehicle id="175" depart="175.00">
        <route edges="5/3to5/4 5/4to5/3 5/3to5/2 5/2to6/2 6/2to7/2 7/2to8/2"/>
    </vehicle>
    <vehicle id="176" depart="176.00">
        <route edges="2/3to2/2 2/2to2/3 2/3to2/4 2/4to2/5 2/5to2/6 2/6to2/7 2/7to2/8 2/8to2/9 2/9to2/10 2/10to3/10 3/10to4/10 4/10to3/10"/>
    </vehicle>
    <vehicle id="177" depart="177.00">
        <route edges="6/10to5/10 5/10to4/10 4/10to3/10 3/10to3/9 3/9to3/8 3/8to3/7 3/7to3/8"/>
    </vehicle>
    <vehicle id="178" depart="178.00">
        <route edges="7/5to7/4 7/4to6/4"/>
    </vehicle>
    <vehicle id="179" depart="179.00">
        <route edges="5/4to6/4 6/4to6/3 6/3to7/3 7/3to7/4"/>
    </vehicle>
    <vehicle id="180" depart="180.00">
        <route edges="1/7to1/8 1/8to1/7 1/7to1/6 1/6to1/5 1/5to1/4 1/4to1/3 1/3to1/2 1/2to1/1 1/1to1/2"/>
    </vehicle>
    <vehicle id="181" depart="181.00">
        <route edges="8/2to8/3 8/3to7/3 7/3to7/4 7/4to7/5 7/5to7/6 7/6to7/7 7/7to6/7"/>
    </vehicle>
    <vehicle id="182" depart="182.00">
        <route edges="3/1to3/2 3/2to4/2 4/2to5/2 5/2to6/2 6/2to7/2 7/2to8/2 8/2to9/2 9/2to10/2 10/2to10/3"/>
    </vehicle>
    <vehicle id="183" depart="183.00">
        <route edges="3/7to2/7 2/7to3/7 3/7to4/7 4/7to5/7 5/7to6/7 6/7to7/7 7/7to8/7 8/7to9/7 9/7to10/7 10/7to10/6"/>
    </vehicle>
    <vehicle id="184" depart="184.00">
        <route edges="1/4to2/4 2/4to2/3 2/3to2/2 2/2to3/2 3/2to4/2 4/2to5/2 5/2to6/2 6/2to7/2 7/2to7/1"/>
    </vehicle>
    <vehicle id="185" depart="185.00">
        <route edges="1/7to2/7 2/7to2/6 2/6to3/6 3/6to4/6 4/6to5/6 5/6to4/6"/>
    </vehicle>
    <vehicle id="186" depart="186.00">
        <route edges="4/1to3/1 3/1to3/2 3/2to3/3 3/3to3/4 3/4to3/5 3/5to3/6 3/6to3/7 3/7to4/7 4/7to5/7 5/7to6/7 6/7to7/7"/>
    </vehicle>
    <vehicle id="187" depart="187.00">
        <route edges="8/3to7/3 7/3to6/3 6/3to5/3 5/3to4/3 4/3to3/3 3/3to2/3 2/3to1/3 1/3to0/3"/>
    </vehicle>
    <vehicle id="188" depart="188.00">
        <route edges="6/4to6/3 6/3to5/3 5/3to4/3 4/3to3/3 3/3to2/3 2/3to1/3 1/3to1/2 1/2to1/3"/>
    </vehicle>
    <vehicle id="189" depart="189.00">
        <route edges="9/4to9/5 9/5to8/5 8/5to7/5 7/5to6/5 6/5to5/5"/>
    </vehicle>
    <vehicle id="190" depart="190.00">
        <route edges="10/2to10/3 10/3to9/3 9/3to8/3 8/3to7/3 7/3to6/3 6/3to5/3 5/3to5/4 5/4to5/3"/>
    </vehicle>
    <vehicle id="191" depart="191.00">
        <route edges="2/10to1/10 1/10to1/9 1/9to1/8 1/8to1/7 1/7to1/6 1/6to1/5 1/5to1/4 1/4to1/3 1/3to1/2 1/2to2/2 2/2to3/2 3/2to4/2 4/2to5/2 5/2to5/3"/>
    </vehicle>
    <vehicle id="192" depart="192.00">
        <route edges="0/9to0/8 0/8to0/7 0/7to0/6 0/6to0/5 0/5to0/4 0/4to0/3 0/3to0/2 0/2to0/1 0/1to1/1 1/1to1/0"/>
    </vehicle>
    <vehicle id="193" depart="193.00">
        <route edges="5/4to5/5 5/5to5/4 5/4to5/3 5/3to5/2 5/2to5/1 5/1to5/0 5/0to6/0 6/0to7/0 7/0to8/0 8/0to8/1"/>
    </vehicle>
    <vehicle id="194" depart="194.00">
        <route edges="6/5to7/5 7/5to6/5 6/5to5/5 5/5to4/5 4/5to3/5 3/5to3/6 3/6to3/7 3/7to3/6"/>
    </vehicle>
    <vehicle id="195" depart="195.00">
        <route edges="2/8to2/7 2/7to2/8 2/8to3/8 3/8to4/8 4/8to5/8 5/8to6/8 6/8to7/8 7/8to8/8 8/8to9/8 9/8to8/8"/>
    </vehicle>
    <vehicle id="196" depart="196.00">
        <route edges="5/1to5/2 5/2to4/2 4/2to3/2 3/2to2/2 2/2to2/3 2/3to2/4 2/4to2/5"/>
    </vehicle>
    <vehicle id="197" depart="197.00">
        <route edges="10/4to9/4 9/4to8/4 8/4to7/4 7/4to6/4 6/4to5/4 5/4to4/4 4/4to3/4 3/4to2/4 2/4to1/4 1/4to1/3 1/3to1/2 1/2to1/1 1/1to1/0 1/0to1/1"/>
    </vehicle>
    <vehicle id="198" depart="198.00">
        <route edges="10/6to10/5 10/5to10/6 10/6to10/7 10/7to10/8 10/8to10/9 10/9to9/9 9/9to9/10 9/10to8/10"/>
    </vehicle>
    <vehicle id="199" depart="199.00">
        <route edges="1/9to0/9 0/9to0/8 0/8to1/8 1/8to2/8 2/8to3/8 3/8to4/8 4/8to5/8 5/8to6/8 6/8to7/8 7/8to8/8 8/8to9/8 9/8to10/8"/>
    </vehicle>
    <vehicle id="200" depart="200.00">
        <route edges="2/4to2/3 2/3to2/4 2/4to2/5 2/5to2/6 2/6to2/7 2/7to2/8 2/8to3/8"/>
    </vehicle>
    <vehicle id="201" depart="201.00">
        <route edges="2/5to1/5 1/5to1/4 1/4to1/3"/>
    </vehicle>
    <vehicle id="202" depart="202.00">
        <route edges="10/2to10/1 10/1to10/2 10/2to10/3 10/3to10/4 10/4to10/5 10/5to9/5"/>
    </vehicle>
    <vehicle id="203" depart="203.00">
        <route edges="10/8to10/9 10/9to9/9 9/9to8/9 8/9to7/9 7/9to6/9 6/9to5/9 5/9to4/9 4/9to3/9 3/9to2/9 2/9to1/9 1/9to1/8 1/8to1/7 1/7to2/7"/>
    </vehicle>
    <vehicle id="204" depart="204.00">
        <route edges="7/9to8/9 8/9to7/9 7/9to6/9 6/9to5/9 5/9to4/9 4/9to3/9 3/9to3/8 3/8to3/7 3/7to3/6"/>
    </vehicle>
    <vehicle id="205" depart="205.00">
        <route edges="2/1to2/2 2/2to3/2 3/2to2/2"/>
    </vehicle>
    <vehicle id="206" depart="206.00">
        <route edges="2/9to1/9 1/9to2/9 2/9to3/9 3/9to4/9 4/9to5/9 5/9to6/9 6/9to7/9 7/9to8/9 8/9to9/9 9/9to8/9"/>
    </vehicle>
    <vehicle id="207" depart="207.00">
        <route edges="0/0to0/1 0/1to1/1 1/1to1/0 1/0to2/0 2/0to3/0 3/0to4/0"/>
    </vehicle>
    <vehicle id="208" depart="208.00">
        <route edges="0/8to0/7 0/7to1/7 1/7to2/7 2/7to3/7 3/7to4/7 4/7to5/7 5/7to6/7 6/7to7/7 7/7to8/7 8/7to9/7 9/7to10/7 10/7to10/6 10/6to10/5 10/5to10/4 10/4to10/3 10/3to10/2"/>
    </vehicle>
    <vehicle id="209" depart="209.00">
        <route edges="2/5to1/5"/>
    </vehicle>
    <vehicle id="210" depart="210.00">
        <route edges="5/7to5/6 5/6to4/6 4/6to4/7 4/7to4/8 4/8to4/9 4/9to4/10 4/10to4/9"/>
    </vehicle>
    <vehicle id="211" depart="211.00">
        <route edges="4/9to5/9 5/9to5/8 5/8to5/7 5/7to5/6 5/6to6/6 6/6to7/6 7/6to8/6 8/6to9/6"/>
    </vehicle>
    <vehicle id="212" depart="212.00">
        <route edges="1/4to2/4 2/4to2/5 2/5to2/6 2/6to2/7 2/7to2/8 2/8to2/7"/>
    </vehicle>
    <vehicle id="213" depart="213.00">
        <route edges="5/8to6/8 6/8to5/8 5/8to4/8 4/8to3/8"/>
    </vehicle>
    <vehicle id="214" depart="214.00">
        <route edges="6/8to6/9 6/9to6/10 6/10to7/10 7/10to8/10 8/10to9/10"/>
    </vehicle>
    <vehicle id="215" depart="215.00">
        <route edges="4/6to4/5 4/5to5/5 5/5to6/5 6/5to7/5 7/5to8/5 8/5to9/5 9/5to9/4"/>
    </vehicle>
    <vehicle id="216" depart="216.00">
        <route edges="1/6to1/5 1/5to1/4 1/4to1/3 1/3to1/4"/>
    </vehicle>
    <vehicle id="217" depart="217.00">
        <route edges="4/3to4/4 4/4to4/5 4/5to4/6 4/6to4/7 4/7to4/8 4/8to4/9 4/9to4/10 4/10to5/10 5/10to4/10"/>
    </vehicle>
    <vehicle id="218" depart="218.00">
        <route edges="10/2to9/2 9/2to8/2 8/2to7/2 7/2to6/2 6/2to5/2 5/2to4/2 4/2to3/2 3/2to2/2 2/2to1/2 1/2to1/1"/>
    </vehicle>
    <vehicle id="219" depart="219.00">
        <route edges="4/5to4/4 4/4to4/5 4/5to4/6 4/6to4/7 4/7to4/8 4/8to4/9 4/9to5/9 5/9to5/8"/>
    </vehicle>
    <vehicle id="220" depart="220.00">
        <route edges="4/7to4/6 4/6to5/6 5/6to6/6 6/6to7/6 7/6to8/6 8/6to9/6 9/6to10/6 10/6to10/5 10/5to10/4 10/4to9/4"/>
    </vehicle>
    <vehicle id="221" depart="221.00">
        <route edges="7/10to8/10 8/10to7/10 7/10to6/10 6/10to5/10 5/10to4/10 4/10to4/9 4/9to4/8 4/8to4/7 4/7to4/6 4/6to4/5"/>
    </vehicle>
    <vehicle id="222" depart="222.00">
        <route edges="6/4to6/5 6/5to6/4 6/4to6/3 6/3to6/2 6/2to6/1 6/1to6/0 6/0to7/0 7/0to8/0 8/0to9/0 9/0to10/0"/>
    </vehicle>
    <vehicle id="223" depart="223.00">
        <route edges="8/6to8/5 8/5to8/4 8/4to8/3 8/3to8/2"/>
    </vehicle>
    <vehicle id="224" depart="224.00">
        <route edges="2/10to2/9 2/9to1/9 1/9to1/8 1/8to1/7"/>
    </vehicle>
    <vehicle id="225" depart="225.00">
        <route edges="3/9to2/9 2/9to2/8 2/8to3/8 3/8to4/8 4/8to5/8 5/8to6/8 6/8to7/8 7/8to8/8"/>
    </vehicle>
    <vehicle id="226" depart="226.00">
        <route edges="5/8to6/8 6/8to5/8 5/8to4/8 4/8to3/8 3/8to2/8 2/8to2/7 2/7to2/6 2/6to2/5 2/5to2/6"/>
    </vehicle>
    <vehicle id="227" depart="227.00">
        <route edges="9/6to8/6 8/6to7/6 7/6to6/6 6/6to5/6 5/6to5/5 5/5to5/4 5/4to5/3 5/3to5/2 5/2to4/2"/>
    </vehicle>
    <vehicle id="228" depart="228.00">
        <route edges="9/2to9/3 9/3to8/3 8/3to7/3 7/3to6/3 6/3to5/3 5/3to4/3 4/3to3/3 3/3to3/4 3/4to3/5 3/5to3/6 3/6to3/7 3/7to4/7"/>
    </vehicle>
    <vehicle id="229" depart="229.00">
        <route edges="0/7to0/8 0/8to0/7 0/7to0/6 0/6to0/7"/>
    </vehicle>
    <vehicle id="230" depart="230.00">
        <route edges="7/6to7/7 7/7to7/6 7/6to7/5 7/5to7/4 7/4to7/3 7/3to7/2"/>
    </vehicle>
    <vehicle id="231" depart="231.00">
        <route edges="7/3to7/2 7/2to7/3 7/3to7/4 7/4to7/5 7/5to7/6 7/6to7/7 7/7to7/8 7/8to8/8 8/8to9/8 9/8to9/7"/>
    </vehicle>
    <vehicle id="232" depart="232.00">
        <route edges="9/4to9/5 9/5to8/5 8/5to7/5 7/5to6/5 6/5to5/5 5/5to5/6 5/6to5/5"/>
    </vehicle>
    <vehicle id="233" depart="233.00">
        <route edges="8/5to7/5 7/5to7/4"/>
    </vehicle>
    <vehicle id="234" depart="234.00">
        <route edges="6/1to6/0 6/0to5/0 5/0to5/1 5/1to5/2 5/2to5/3 5/3to6/3"/>
    </vehicle>
    <vehicle id="235" depart="235.00">
        <route edges="4/3to4/2 4/2to3/2 3/2to2/2 2/2to1/2 1/2to0/2 0/2to0/3 0/3to0/4 0/4to0/5 0/5to0/6 0/6to0/5"/>
    </vehicle>
    <vehicle id="236" depart="236.00">
        <route edges="1/9to2/9 2/9to1/9 1/9to0/9 0/9to0/8 0/8to0/7 0/7to0/6 0/6to0/5 0/5to0/4 0/4to0/3"/>
    </vehicle>
    <vehicle id="237" depart="237.00">
        <route edges="4/5to4/4 4/4to5/4 5/4to6/4 6/4to7/4 7/4to7/5"/>
    </vehicle>
    <vehicle id="238" depart="238.00">
        <route edges="6/7to6/8 6/8to5/8 5/8to4/8 4/8to3/8 3/8to2/8 2/8to1/8 1/8to1/7 1/7to1/6 1/6to1/5 1/5to0/5"/>
    </vehicle>
    <vehicle id="239" depart="239.00">
        <route edges="4/7to5/7 5/7to4/7 4/7to3/7 3/7to2/7 2/7to2/6 2/6to2/5 2/5to2/4 2/4to2/3 2/3to2/2 2/2to2/1"/>
    </vehicle>
    <vehicle id="240" depart="240.00">
        <route edges="4/10to5/10 5/10to5/9 5/9to5/8 5/8to5/7 5/7to5/6 5/6to5/5 5/5to5/4 5/4to5/3 5/3to5/2 5/2to4/2"/>
    </vehicle>
    <vehicle id="241" depart="241.00">
        <route edges="4/7to4/8 4/8to4/7 4/7to4/6 4/6to4/5 4/5to4/4 4/4to4/3 4/3to4/2 4/2to5/2 5/2to6/2 6/2to7/2 7/2to8/2 8/2to7/2"/>
    </vehicle>
    <vehicle id="242" depart="242.00">
        <route edges="9/8to8/8 8/8to7/8 7/8to6/8 6/8to5/8 5/8to4/8 4/8to3/8 3/8to2/8 2/8to2/7 2/7to2/6 2/6to2/5 2/5to2/4 2/4to2/3 2/3to2/2 2/2to2/3"/>
    </vehicle>
    <vehicle id="243" depart="243.00">
        <route edges="3/5to4/5 4/5to3/5 3/5to2/5 2/5to2/4"/>
    </vehicle>
    <vehicle id="244" depart="244.00">
        <route edges="10/7to10/6 10/6to9/6 9/6to8/6 8/6to7/6 7/6to6/6 6/6to5/6 5/6to4/6 4/6to3/6 3/6to2/6 2/6to1/6 1/6to0/6 0/6to0/5 0/5to0/4 0/4to0/3 0/3to0/2 0/2to1/2"/>
    </vehicle>
    <vehicle id="245" depart="245.00">
        <route edges="6/5to5/5 5/5to5/4 5/4to5/3 5/3to5/2 5/2to5/1 5/1to5/0 5/0to6/0 6/0to7/0 7/0to8/0 8/0to9/0 9/0to8/0"/>
    </vehicle>
    <vehicle id="246" depart="246.00">
        <route edges="2/8to2/7 2/7to2/6 2/6to2/5 2/5to2/4 2/4to2/3 2/3to3/3 3/3to4/3 4/3to5/3 5/3to6/3 6/3to7/3 7/3to8/3 8/3to7/3"/>
    </vehicle>
    <vehicle id="247" depart="247.00">
        <route edges="7/0to7/1 7/1to6/1 6/1to5/1 5/1to5/2 5/2to5/3 5/3to5/4 5/4to5/5 5/5to5/6 5/6to5/7 5/7to5/8"/>
    </vehicle>
    <vehicle id="248" depart="248.00">
        <route edges="7/4to6/4 6/4to5/4 5/4to4/4 4/4to3/4 3/4to3/3 3/3to3/2 3/2to3/1 3/1to3/2"/>
    </vehicle>
    <vehicle id="249" depart="249.00">
        <route edges="2/10to1/10 1/10to1/9 1/9to1/8 1/8to1/7 1/7to1/6 1/6to1/5 1/5to1/4 1/4to1/3 1/3to1/2 1/2to1/1 1/1to2/1 2/1to3/1 3/1to4/1 4/1to5/1 5/1to6/1 6/1to7/1 7/1to7/0"/>
    </vehicle>
    <vehicle id="250" depart="250.00">
        <route edges="6/7to7/7 7/7to6/7 6/7to6/8 6/8to6/9 6/9to6/10"/>
    </vehicle>
    <vehicle id="251" depart="251.00">
        <route edges="10/4to10/3 10/3to9/3 9/3to8/3 8/3to7/3 7/3to6/3 6/3to5/3 5/3to4/3 4/3to3/3 3/3to2/3 2/3to1/3 1/3to1/4 1/4to2/4"/>
    </vehicle>
    <vehicle id="252" depart="252.00">
        <route edges="9/1to9/0 9/0to8/0 8/0to7/0 7/0to6/0 6/0to5/0 5/0to4/0 4/0to4/1 4/1to4/2 4/2to4/3 4/3to4/4 4/4to4/5 4/5to4/6 4/6to4/7 4/7to4/8 4/8to4/9"/>
    </vehicle>
    <vehicle id="253" depart="253.00">
        <route edges="2/7to3/7 3/7to2/7 2/7to1/7 1/7to1/6 1/6to1/5 1/5to1/4 1/4to1/3 1/3to1/4"/>
    </vehicle>
    <vehicle id="254" depart="254.00">
        <route edges="9/7to8/7 8/7to7/7 7/7to6/7 6/7to5/7 5/7to4/7 4/7to3/7 3/7to3/6 3/6to3/5 3/5to4/5"/>
    </vehicle>
    <vehicle id="255" depart="255.00">
        <route edges="9/7to10/7 10/7to9/7 9/7to8/7 8/7to7/7 7/7to6/7 6/7to5/7 5/7to4/7 4/7to4/8 4/8to4/7"/>
    </vehicle>
    <vehicle id="256" depart="256.00">
        <route edges="5/10to4/10 4/10to4/9 4/9to5/9 5/9to6/9 6/9to7/9 7/9to8/9 8/9to9/9 9/9to10/9 10/9to10/8 10/8to10/7 10/7to10/6 10/6to10/5 10/5to10/4 10/4to9/4"/>
    </vehicle>
    <vehicle id="257" depart="257.00">
        <route edges="9/4to8/4 8/4to8/5 8/5to8/6 8/6to9/6"/>
    </vehicle>
    <vehicle id="258" depart="258.00">
        <route edges="8/10to9/10 9/10to10/10 10/10to10/9"/>
    </vehicle>
    <vehicle id="259" depart="259.00">
        <route edges="7/7to6/7 6/7to5/7 5/7to4/7 4/7to3/7 3/7to2/7 2/7to1/7 1/7to0/7"/>
    </vehicle>
    <vehicle id="260" depart="260.00">
        <route edges="4/1to4/0 4/0to3/0 3/0to2/0 2/0to1/0 1/0to1/1 1/1to0/1 0/1to0/2 0/2to0/3 0/3to0/4 0/4to0/5 0/5to0/6 0/6to0/7 0/7to0/6"/>
    </vehicle>
    <vehicle id="261" depart="261.00">
        <route edges="4/4to4/3 4/3to4/2 4/2to5/2 5/2to6/2 6/2to7/2"/>
    </vehicle>
    <vehicle id="262" depart="262.00">
        <route edges="7/1to6/1 6/1to5/1 5/1to4/1 4/1to3/1 3/1to2/1 2/1to1/1 1/1to0/1 0/1to0/2 0/2to0/3 0/3to0/4 0/4to0/5 0/5to0/6 0/6to0/5"/>
    </vehicle>
    <vehicle id="263" depart="263.00">
        <route edges="9/8to10/8 10/8to9/8 9/8to8/8 8/8to7/8 7/8to6/8 6/8to5/8 5/8to4/8 4/8to3/8 3/8to3/9 3/9to3/10 3/10to2/10"/>
    </vehicle>
    <vehicle id="264" depart="264.00">
        <route edges="8/6to8/5 8/5to7/5 7/5to6/5 6/5to6/4 6/4to6/3 6/3to6/2 6/2to5/2"/>
    </vehicle>
    <vehicle id="265" depart="265.00">
        <route edges="3/7to3/8 3/8to3/7 3/7to3/6 3/6to4/6 4/6to5/6 5/6to6/6 6/6to7/6 7/6to8/6 8/6to9/6 9/6to8/6"/>
    </vehicle>
    <vehicle id="266" depart="266.00">
        <route edges="5/4to6/4 6/4to5/4 5/4to4/4 4/4to3/4 3/4to2/4 2/4to1/4 1/4to1/3 1/3to1/2 1/2to1/1 1/1to1/0"/>
    </vehicle>
    <vehicle id="267" depart="267.00">
        <route edges="8/7to7/7 7/7to6/7 6/7to6/6 6/6to6/5 6/5to6/4 6/4to6/3 6/3to6/2 6/2to6/1 6/1to6/0 6/0to6/1"/>
    </vehicle>
    <vehicle id="268" depart="268.00">
        <route edges="9/1to8/1 8/1to8/2 8/2to8/3 8/3to8/4 8/4to8/5 8/5to8/6 8/6to8/7 8/7to8/8 8/8to9/8 9/8to9/7"/>
    </vehicle>
    <vehicle id="269" depart="269.00">
        <route edges="5/2to4/2 4/2to4/3 4/3to5/3 5/3to6/3 6/3to7/3 7/3to8/3 8/3to7/3"/>
    </vehicle>
    <vehicle id="270" depart="270.00">
        <route edges="5/10to5/9 5/9to4/9 4/9to4/8 4/8to4/7 4/7to4/6"/>
    </vehicle>
    <vehicle id="271" depart="271.00">
        <route edges="0/9to1/9 1/9to1/8 1/8to1/7 1/7to1/6 1/6to1/5 1/5to1/4 1/4to1/3 1/3to1/2 1/2to1/1 1/1to2/1 2/1to3/1 3/1to4/1 4/1to5/1 5/1to6/1 6/1to7/1 7/1to6/1"/>
    </vehicle>
    <vehicle id="272" depart="272.00">
        <route edges="9/4to10/4 10/4to10/5 10/5to10/6 10/6to10/7 10/7to10/8 10/8to10/9 10/9to9/9"/>
    </vehicle>
    <vehicle id="273" depart="273.00">
        <route edges="8/1to8/2 8/2to7/2 7/2to6/2 6/2to5/2 5/2to4/2 4/2to3/2 3/2to3/1"/>
    </vehicle>
    <vehicle id="274" depart="274.00">
        <route edges="10/1to9/1 9/1to8/1 8/1to7/1 7/1to6/1 6/1to5/1 5/1to4/1 4/1to3/1 3/1to2/1 2/1to1/1 1/1to1/2 1/2to1/3"/>
    </vehicle>
    <vehicle id="275" depart="275.00">
        <route edges="2/3to3/3 3/3to2/3 2/3to1/3 1/3to1/4 1/4to1/5 1/5to2/5"/>
    </vehicle>
    <vehicle id="276" depart="276.00">
        <route edges="1/5to0/5 0/5to0/6 0/6to0/7 0/7to0/8 0/8to0/9 0/9to1/9 1/9to1/10 1/10to2/10 2/10to3/10 3/10to4/10 4/10to5/10 5/10to6/10 6/10to7/10 7/10to8/10 8/10to9/10 9/10to9/9"/>
    </vehicle>
    <vehicle id="277" depart="277.00">
        <route edges="7/5to7/4 7/4to6/4 6/4to5/4 5/4to5/5 5/5to5/6 5/6to5/7 5/7to5/6"/>
    </vehicle>
    <vehicle id="278" depart="278.00">
        <route edges="1/1to1/2 1/2to1/3 1/3to1/4 1/4to1/5 1/5to1/6 1/6to1/7 1/7to1/8 1/8to2/8 2/8to3/8 3/8to4/8 4/8to5/8 5/8to6/8 6/8to7/8 7/8to6/8"/>
    </vehicle>
    <vehicle id="279" depart="279.00">
        <route edges="9/0to8/0 8/0to8/1 8/1to9/1 9/1to10/1 10/1to10/2 10/2to10/3 10/3to10/4 10/4to10/5 10/5to10/6 10/6to10/7 10/7to10/8"/>
    </vehicle>
    <vehicle id="280" depart="280.00">
        <route edges="10/6to9/6 9/6to10/6 10/6to10/5 10/5to10/4 10/4to10/3 10/3to10/2 10/2to10/1 10/1to9/1"/>
    </vehicle>
    <vehicle id="281" depart="281.00">
        <route edges="7/7to6/7 6/7to6/8 6/8to7/8 7/8to8/8 8/8to9/8 9/8to8/8"/>
    </vehicle>
    <vehicle id="282" depart="282.00">
        <route edges="3/7to2/7 2/7to3/7 3/7to4/7 4/7to4/6"/>
    </vehicle>
    <vehicle id="283" depart="283.00">
        <route edges="6/10to7/10 7/10to6/10 6/10to5/10 5/10to4/10 4/10to3/10 3/10to2/10 2/10to1/10 1/10to1/9 1/9to1/8 1/8to1/7 1/7to1/6 1/6to1/5 1/5to1/4 1/4to1/3 1/3to1/2 1/2to1/1 1/1to1/0 1/0to0/0"/>
    </vehicle>
    <vehicle id="284" depart="284.00">
        <route edges="8/0to7/0 7/0to7/1 7/1to8/1 8/1to9/1 9/1to10/1 10/1to10/2 10/2to10/3"/>
    </vehicle>
    <vehicle id="285" depart="285.00">
        <route edges="6/2to6/3 6/3to6/4 6/4to6/5 6/5to6/6 6/6to6/7 6/7to6/8 6/8to7/8 7/8to8/8 8/8to9/8 9/8to9/7"/>
    </vehicle>
    <vehicle id="286" depart="286.00">
        <route edges="8/8to7/8 7/8to6/8 6/8to5/8 5/8to4/8 4/8to3/8 3/8to2/8 2/8to1/8 1/8to1/9 1/9to0/9"/>
    </vehicle>
    <vehicle id="287" depart="287.00">
        <route edges="1/9to1/10 1/10to2/10"/>
    </vehicle>
    <vehicle id="288" depart="288.00">
        <route edges="9/2to9/1 9/1to8/1 8/1to8/2"/>
    </vehicle>
    <vehicle id="289" depart="289.00">
        <route edges="6/8to5/8 5/8to4/8 4/8to4/7 4/7to4/6 4/6to4/5 4/5to4/4"/>
    </vehicle>
    <vehicle id="290" depart="290.00">
        <route edges="0/1to0/2 0/2to1/2 1/2to0/2"/>
    </vehicle>
    <vehicle id="291" depart="291.00">
        <route edges="8/9to8/8 8/8to7/8 7/8to6/8 6/8to5/8 5/8to4/8 4/8to3/8 3/8to2/8 2/8to2/9 2/9to2/10"/>
    </vehicle>
    <vehicle id="292" depart="292.00">
        <route edges="4/10to5/10 5/10to4/10 4/10to3/10 3/10to2/10 2/10to1/10 1/10to1/9 1/9to0/9 0/9to0/8 0/8to0/7 0/7to0/6 0/6to0/5 0/5to0/4 0/4to0/3 0/3to0/2"/>
    </vehicle>
    <vehicle id="293" depart="293.00">
        <route edges="10/10to9/10 9/10to8/10 8/10to7/10 7/10to6/10 6/10to5/10 5/10to5/9 5/9to4/9"/>
    </vehicle>
    <vehicle id="294" depart="294.00">
        <route edges="7/7to6/7 6/7to7/7 7/7to8/7 8/7to9/7 9/7to10/7 10/7to10/8 10/8to10/9 10/9to10/10"/>
    </vehicle>
    <vehicle id="295" depart="295.00">
        <route edges="5/6to4/6 4/6to4/5 4/5to4/4 4/4to4/3 4/3to4/2 4/2to4/1 4/1to5/1 5/1to4/1"/>
    </vehicle>
    <vehicle id="296" depart="296.00">
        <route edges="5/10to6/10 6/10to5/10 5/10to4/10 4/10to3/10 3/10to2/10 2/10to1/10 1/10to0/10 0/10to1/10"/>
    </vehicle>
    <vehicle id="297" depart="297.00">
        <route edges="2/7to3/7 3/7to3/6 3/6to3/5 3/5to4/5 4/5to5/5 5/5to6/5 6/5to7/5 7/5to8/5 8/5to8/4"/>
    </vehicle>
    <vehicle id="298" depart="298.00">
        <route edges="2/2to1/2 1/2to1/3 1/3to1/4 1/4to1/5 1/5to1/6 1/6to1/7 1/7to1/8 1/8to2/8 2/8to3/8 3/8to4/8"/>
    </vehicle>
    <vehicle id="299" depart="299.00">
        <route edges="6/1to6/2 6/2to5/2 5/2to4/2 4/2to3/2 3/2to2/2 2/2to2/3 2/3to3/3"/>
    </vehicle>
    <vehicle id="300" depart="300.00">
        <route edges="8/4to8/3 8/3to7/3 7/3to6/3 6/3to5/3 5/3to4/3 4/3to4/4 4/4to4/5"/>
    </vehicle>
    <vehicle id="301" depart="301.00">
        <route edges="7/1to8/1 8/1to7/1 7/1to6/1 6/1to5/1 5/1to4/1 4/1to4/2 4/2to4/3 4/3to4/4 4/4to4/5 4/5to4/6 4/6to4/7 4/7to4/8 4/8to4/9"/>
    </vehicle>
    <vehicle id="302" depart="302.00">
        <route edges="6/5to6/6 6/6to5/6 5/6to5/5 5/5to5/4 5/4to5/3 5/3to6/3"/>
    </vehicle>
    <vehicle id="303" depart="303.00">
        <route edges="7/10to6/10 6/10to5/10 5/10to4/10 4/10to3/10 3/10to2/10 2/10to1/10 1/10to1/9 1/9to0/9 0/9to0/8 0/8to1/8"/>
    </vehicle>
    <vehicle id="304" depart="304.00">
        <route edges="8/4to7/4 7/4to7/5 7/5to7/6 7/6to7/7"/>
    </vehicle>
    <vehicle id="305" depart="305.00">
        <route edges="0/9to0/8 0/8to1/8 1/8to1/7"/>
    </vehicle>
    <vehicle id="306" depart="306.00">
        <route edges="4/8to4/7 4/7to3/7 3/7to2/7 2/7to2/8 2/8to2/9 2/9to2/10"/>
    </vehicle>
    <vehicle id="307" depart="307.00">
        <route edges="6/9to6/10 6/10to5/10 5/10to4/10 4/10to4/9 4/9to4/8 4/8to4/7 4/7to4/6 4/6to4/5 4/5to3/5"/>
    </vehicle>
    <vehicle id="308" depart="308.00">
        <route edges="7/8to7/7 7/7to6/7 6/7to6/6 6/6to6/5 6/5to6/4 6/4to6/3 6/3to6/2 6/2to6/1 6/1to6/0 6/0to6/1"/>
    </vehicle>
    <vehicle id="309" depart="309.00">
        <route edges="2/9to2/8 2/8to2/7 2/7to3/7 3/7to4/7 4/7to5/7 5/7to6/7 6/7to7/7 7/7to8/7 8/7to7/7"/>
    </vehicle>
    <vehicle id="310" depart="310.00">
        <route edges="6/0to6/1 6/1to6/2 6/2to6/3 6/3to6/4 6/4to6/5 6/5to6/6 6/6to6/7 6/7to6/8 6/8to6/9 6/9to7/9 7/9to8/9"/>
    </vehicle>
    <vehicle id="311" depart="311.00">
        <route edges="7/9to7/10 7/10to6/10 6/10to5/10 5/10to4/10 4/10to3/10 3/10to3/9 3/9to3/8 3/8to3/7 3/7to3/6 3/6to3/5 3/5to3/4 3/4to3/3 3/3to3/2 3/2to3/1 3/1to3/2"/>
    </vehicle>
    <vehicle id="312" depart="312.00">
        <route edges="6/6to5/6 5/6to6/6 6/6to7/6 7/6to8/6 8/6to9/6 9/6to9/5"/>
    </vehicle>
    <vehicle id="313" depart="313.00">
        <route edges="6/3to5/3 5/3to4/3 4/3to4/2 4/2to3/2"/>
    </vehicle>
    <vehicle id="314" depart="314.00">
        <route edges="2/5to3/5 3/5to2/5 2/5to1/5 1/5to0/5 0/5to0/4 0/4to0/3 0/3to0/2 0/2to0/3"/>
    </vehicle>
    <vehicle id="315" depart="315.00">
        <route edges="10/9to9/9 9/9to8/9 8/9to7/9 7/9to6/9 6/9to5/9 5/9to4/9 4/9to3/9 3/9to2/9 2/9to1/9 1/9to1/8 1/8to1/7 1/7to1/6 1/6to1/5 1/5to1/4 1/4to1/3 1/3to1/2 1/2to1/3"/>
    </vehicle>
    <vehicle id="316" depart="316.00">
        <route edges="3/4to2/4 2/4to1/4 1/4to1/5 1/5to1/6"/>
    </vehicle>
    <vehicle id="317" depart="317.00">
        <route edges="1/3to1/2 1/2to1/3 1/3to1/4 1/4to2/4 2/4to3/4 3/4to4/4 4/4to5/4 5/4to6/4 6/4to7/4 7/4to6/4"/>
    </vehicle>
    <vehicle id="318" depart="318.00">
        <route edges="9/9to9/8 9/8to8/8 8/8to7/8 7/8to6/8 6/8to5/8 5/8to5/7 5/7to5/6 5/6to5/5 5/5to5/4 5/4to5/3 5/3to5/2 5/2to5/1 5/1to4/1"/>
    </vehicle>
    <vehicle id="319" depart="319.00">
        <route edges="1/9to2/9 2/9to1/9 1/9to1/8 1/8to1/7 1/7to1/6 1/6to1/5 1/5to1/4 1/4to1/3 1/3to0/3"/>
    </vehicle>
    <vehicle id="320" depart="320.00">
        <route edges="8/8to8/9 8/9to7/9 7/9to7/8 7/8to7/7 7/7to7/6 7/6to7/5 7/5to7/4 7/4to7/3 7/3to7/2 7/2to7/1 7/1to6/1"/>
    </vehicle>
    <vehicle id="321" depart="321.00">
        <route edges="1/7to1/6 1/6to1/7 1/7to1/8 1/8to1/9 1/9to2/9"/>
    </vehicle>
    <vehicle id="322" depart="322.00">
        <route edges="5/9to5/10 5/10to6/10 6/10to5/10"/>
    </vehicle>
    <vehicle id="323" depart="323.00">
        <route edges="6/6to7/6 7/6to6/6 6/6to5/6 5/6to5/5 5/5to4/5"/>
    </vehicle>
    <vehicle id="324" depart="324.00">
        <route edges="7/7to7/8 7/8to7/7 7/7to7/6 7/6to7/5 7/5to7/4 7/4to7/3 7/3to7/2 7/2to7/1 7/1to7/0"/>
    </vehicle>
    <vehicle id="325" depart="325.00">
        <route edges="1/4to2/4 2/4to1/4 1/4to1/3 1/3to1/2 1/2to1/3"/>
    </vehicle>
    <vehicle id="326" depart="326.00">
        <route edges="6/0to7/0 7/0to7/1 7/1to7/2 7/2to7/3 7/3to7/4 7/4to7/5 7/5to7/6 7/6to7/7 7/7to8/7 8/7to7/7"/>
    </vehicle>
    <vehicle id="327" depart="327.00">
        <route edges="6/0to6/1 6/1to5/1 5/1to4/1 4/1to3/1 3/1to3/2"/>
    </vehicle>
    <vehicle id="328" depart="328.00">
        <route edges="6/6to5/6 5/6to4/6 4/6to3/6 3/6to4/6"/>
    </vehicle>
    <vehicle id="329" depart="329.00">
        <route edges="1/10to0/10 0/10to0/9 0/9to0/8 0/8to0/7 0/7to0/6 0/6to0/5 0/5to0/4 0/4to0/3 0/3to0/2 0/2to1/2 1/2to2/2 2/2to3/2 3/2to4/2 4/2to5/2 5/2to6/2 6/2to6/3"/>
    </vehicle>
    <vehicle id="330" depart="330.00">
        <route edges="3/4to2/4 2/4to2/5 2/5to2/6 2/6to3/6 3/6to4/6 4/6to5/6 5/6to6/6 6/6to7/6 7/6to8/6 8/6to9/6 9/6to10/6"/>
    </vehicle>
    <vehicle id="331" depart="331.00">
        <route edges="7/8to8/8 8/8to7/8 7/8to6/8 6/8to6/7 6/7to6/6"/>
    </vehicle>
    <vehicle id="332" depart="332.00">
        <route edges="9/5to9/4 9/4to8/4 8/4to7/4 7/4to6/4 6/4to5/4 5/4to4/4 4/4to4/5 4/5to4/6 4/6to4/7 4/7to4/8 4/8to4/9"/>
    </vehicle>
    <vehicle id="333" depart="333.00">
        <route edges="3/1to2/1 2/1to3/1 3/1to4/1 4/1to5/1 5/1to6/1 6/1to7/1 7/1to8/1 8/1to9/1 9/1to10/1 10/1to10/2 10/2to10/3 10/3to10/4 10/4to10/5 10/5to10/6 10/6to10/7 10/7to10/8 10/8to9/8"/>
    </vehicle>
    <vehicle id="334" depart="334.00">
        <route edges="7/5to7/6 7/6to7/7 7/7to7/8"/>
    </vehicle>
    <vehicle id="335" depart="335.00">
        <route edges="10/5to9/5 9/5to10/5 10/5to10/4 10/4to10/3 10/3to10/2 10/2to10/1 10/1to10/0 10/0to9/0"/>
    </vehicle>
    <vehicle id="336" depart="336.00">
        <route edges="3/3to3/2 3/2to3/1 3/1to4/1 4/1to5/1"/>
    </vehicle>
    <vehicle id="337" depart="337.00">
        <route edges="5/10to5/9 5/9to4/9 4/9to4/8 4/8to4/7 4/7to4/6 4/6to4/5 4/5to3/5"/>
    </vehicle>
    <vehicle id="338" depart="338.00">
        <route edges="6/7to5/7 5/7to5/6"/>
    </vehicle>
    <vehicle id="339" depart="339.00">
        <route edges="8/6to8/5 8/5to7/5 7/5to6/5 6/5to5/5 5/5to4/5 4/5to4/4 4/4to4/3 4/3to3/3"/>
    </vehicle>
    <vehicle id="340" depart="340.00">
        <route edges="2/2to1/2 1/2to1/3 1/3to1/4 1/4to2/4 2/4to3/4 3/4to4/4 4/4to5/4 5/4to5/3"/>
    </vehicle>
    <vehicle id="341" depart="341.00">
        <route edges="1/10to0/10 0/10to0/9 0/9to0/8 0/8to1/8 1/8to2/8 2/8to3/8 3/8to4/8 4/8to5/8 5/8to6/8 6/8to7/8 7/8to7/7"/>
    </vehicle>
    <vehicle id="342" depart="342.00">
        <route edges="10/6to10/5 10/5to9/5 9/5to8/5 8/5to7/5 7/5to6/5 6/5to5/5 5/5to4/5 4/5to3/5 3/5to2/5 2/5to1/5 1/5to0/5 0/5to0/4 0/4to0/3 0/3to0/2 0/2to0/1 0/1to0/0 0/0to1/0"/>
    </vehicle>
    <vehicle id="343" depart="343.00">
        <route edges="6/3to6/2 6/2to7/2 7/2to8/2 8/2to8/1"/>
    </vehicle>
    <vehicle id="344" depart="344.00">
        <route edges="9/7to9/8 9/8to8/8 8/8to7/8 7/8to6/8 6/8to5/8 5/8to5/7 5/7to5/6 5/6to5/5 5/5to5/4 5/4to6/4"/>
    </vehicle>
    <vehicle id="345" depart="345.00">
        <route edges="6/3to6/4 6/4to6/3 6/3to7/3 7/3to8/3 8/3to9/3 9/3to9/4"/>
    </vehicle>
    <vehicle id="346" depart="346.00">
        <route edges="8/8to8/9 8/9to7/9 7/9to6/9 6/9to5/9 5/9to4/9 4/9to3/9 3/9to2/9 2/9to2/10 2/10to3/10"/>
    </vehicle>
    <vehicle id="347" depart="347.00">
        <route edges="7/0to7/1 7/1to6/1 6/1to5/1 5/1to4/1 4/1to4/2 4/2to4/3"/>
    </vehicle>
    <vehicle id="348" depart="348.00">
        <route edges="9/2to8/2 8/2to7/2 7/2to6/2 6/2to5/2 5/2to6/2"/>
    </vehicle>
    <vehicle id="349" depart="349.00">
        <route edges="5/9to5/8 5/8to4/8 4/8to3/8 3/8to2/8 2/8to1/8 1/8to0/8 0/8to1/8"/>
    </vehicle>
    <vehicle id="350" depart="350.00">
        <route edges="8/0to8/1 8/1to7/1 7/1to6/1 6/1to5/1 5/1to4/1 4/1to3/1 3/1to2/1 2/1to1/1 1/1to0/1 0/1to0/2 0/2to0/3 0/3to0/4 0/4to1/4"/>
    </vehicle>
    <vehicle id="351" depart="351.00">
        <route edges="6/0to5/0 5/0to5/1 5/1to5/2 5/2to6/2 6/2to7/2 7/2to8/2 8/2to9/2 9/2to10/2"/>
    </vehicle>
    <vehicle id="352" depart="352.00">
        <route edges="3/1to3/2 3/2to2/2 2/2to1/2 1/2to1/3 1/3to1/4 1/4to1/5 1/5to1/6 1/6to1/7 1/7to0/7"/>
    </vehicle>
    <vehicle id="353" depart="353.00">
        <route edges="9/5to8/5 8/5to8/6 8/6to9/6 9/6to9/5"/>
    </vehicle>
    <vehicle id="354" depart="354.00">
        <route edges="9/2to10/2 10/2to9/2 9/2to8/2 8/2to8/1 8/1to8/0 8/0to7/0"/>
    </vehicle>
    <vehicle id="355" depart="355.00">
        <route edges="8/1to9/1 9/1to8/1 8/1to7/1 7/1to6/1 6/1to5/1 5/1to4/1 4/1to3/1 3/1to2/1 2/1to2/0 2/0to1/0"/>
    </vehicle>
    <vehicle id="356" depart="356.00">
        <route edges="0/10to0/9 0/9to0/8 0/8to0/7 0/7to0/6 0/6to0/5 0/5to0/4 0/4to1/4 1/4to2/4 2/4to3/4 3/4to4/4 4/4to5/4 5/4to4/4"/>
    </vehicle>
    <vehicle id="357" depart="357.00">
        <route edges="8/8to7/8 7/8to6/8 6/8to5/8 5/8to4/8 4/8to3/8 3/8to2/8 2/8to2/7 2/7to2/6 2/6to2/5 2/5to2/4 2/4to2/3 2/3to3/3"/>
    </vehicle>
    <vehicle id="358" depart="358.00">
        <route edges="2/9to2/8 2/8to2/7 2/7to2/6 2/6to2/5 2/5to2/4 2/4to2/3 2/3to2/2 2/2to2/1 2/1to3/1 3/1to2/1"/>
    </vehicle>
    <vehicle id="359" depart="359.00">
        <route edges="5/8to5/9 5/9to5/8 5/8to5/7 5/7to5/6 5/6to5/5 5/5to5/4 5/4to5/3 5/3to6/3 6/3to7/3 7/3to7/2"/>
    </vehicle>
    <vehicle id="360" depart="360.00">
        <route edges="2/5to2/6 2/6to3/6 3/6to2/6"/>
    </vehicle>
    <vehicle id="361" depart="361.00">
        <route edges="0/4to0/3 0/3to0/4 0/4to0/5 0/5to0/6 0/6to0/7 0/7to1/7 1/7to2/7 2/7to3/7 3/7to4/7 4/7to3/7"/>
    </vehicle>
    <vehicle id="362" depart="362.00">
        <route edges="7/1to6/1 6/1to6/2 6/2to6/3 6/3to6/4 6/4to6/5 6/5to6/6 6/6to6/7 6/7to6/8 6/8to6/9 6/9to7/9 7/9to8/9 8/9to8/10"/>
    </vehicle>
    <vehicle id="363" depart="363.00">
        <route edges="2/2to2/3 2/3to2/4 2/4to2/5 2/5to2/6 2/6to2/7 2/7to3/7 3/7to4/7 4/7to5/7 5/7to6/7 6/7to6/6"/>
    </vehicle>
    <vehicle id="364" depart="364.00">
        <route edges="6/5to6/4 6/4to5/4 5/4to4/4 4/4to3/4 3/4to2/4 2/4to1/4 1/4to0/4 0/4to0/3 0/3to1/3"/>
    </vehicle>
    <vehicle id="365" depart="365.00">
        <route edges="9/8to9/7 9/7to8/7 8/7to7/7 7/7to6/7 6/7to5/7 5/7to4/7 4/7to3/7 3/7to3/6 3/6to3/5 3/5to3/4 3/4to3/3 3/3to3/2 3/2to3/1 3/1to3/0"/>
    </vehicle>
    <vehicle id="366" depart="366.00">
        <route edges="3/8to3/9 3/9to3/8 3/8to3/7 3/7to3/6 3/6to3/5 3/5to3/4 3/4to4/4 4/4to5/4 5/4to6/4 6/4to7/4 7/4to8/4 8/4to9/4 9/4to8/4"/>
    </vehicle>
    <vehicle id="367" depart="367.00">
        <route edges="5/6to6/6 6/6to5/6 5/6to4/6 4/6to3/6 3/6to2/6 2/6to2/7 2/7to2/6"/>
    </vehicle>
    <vehicle id="368" depart="368.00">
        <route edges="7/4to8/4 8/4to7/4 7/4to6/4 6/4to6/5 6/5to6/6 6/6to6/7 6/7to6/8 6/8to6/9 6/9to6/10 6/10to5/10"/>
    </vehicle>
    <vehicle id="369" depart="369.00">
        <route edges="6/6to6/7 6/7to6/6 6/6to6/5 6/5to6/4 6/4to6/3 6/3to6/2"/>
    </vehicle>
    <vehicle id="370" depart="370.00">
        <route edges="0/7to0/8 0/8to0/7 0/7to0/6 0/6to0/5 0/5to0/4 0/4to0/3 0/3to0/2 0/2to0/1 0/1to1/1 1/1to2/1 2/1to3/1 3/1to4/1 4/1to5/1 5/1to6/1 6/1to7/1 7/1to8/1 8/1to9/1 9/1to9/0"/>
    </vehicle>
    <vehicle id="371" depart="371.00">
        <route edges="5/2to6/2 6/2to5/2 5/2to4/2 4/2to3/2 3/2to3/3 3/3to3/4 3/4to3/5 3/5to3/6 3/6to3/7 3/7to3/6"/>
    </vehicle>
    <vehicle id="372" depart="372.00">
        <route edges="1/4to1/3 1/3to1/4 1/4to1/5 1/5to2/5 2/5to3/5 3/5to4/5 4/5to5/5 5/5to6/5 6/5to7/5"/>
    </vehicle>
    <vehicle id="373" depart="373.00">
        <route edges="2/6to2/5 2/5to2/4 2/4to2/3 2/3to3/3 3/3to3/4"/>
    </vehicle>
    <vehicle id="374" depart="374.00">
        <route edges="3/0to4/0 4/0to4/1 4/1to5/1 5/1to6/1 6/1to7/1 7/1to8/1 8/1to9/1 9/1to10/1 10/1to10/2 10/2to10/3 10/3to10/2"/>
    </vehicle>
    <vehicle id="375" depart="375.00">
        <route edges="2/3to2/2 2/2to3/2 3/2to4/2 4/2to5/2 5/2to6/2 6/2to7/2 7/2to8/2 8/2to9/2 9/2to10/2 10/2to10/3 10/3to10/4 10/4to10/5 10/5to9/5"/>
    </vehicle>
    <vehicle id="376" depart="376.00">
        <route edges="10/4to10/5 10/5to9/5 9/5to8/5 8/5to7/5 7/5to7/4 7/4to7/3 7/3to7/2 7/2to8/2"/>
    </vehicle>
    <vehicle id="377" depart="377.00">
        <route edges="3/6to2/6 2/6to2/5 2/5to2/4 2/4to3/4 3/4to4/4 4/4to5/4 5/4to6/4 6/4to6/3"/>
    </vehicle>
    <vehicle id="378" depart="378.00">
        <route edges="8/0to8/1 8/1to8/2 8/2to8/3 8/3to8/4 8/4to8/5 8/5to8/6 8/6to8/7 8/7to8/8 8/8to8/9 8/9to8/10 8/10to9/10 9/10to8/10"/>
    </vehicle>
    <vehicle id="379" depart="379.00">
        <route edges="1/7to1/6 1/6to1/5 1/5to1/4 1/4to1/3 1/3to1/2 1/2to2/2 2/2to3/2 3/2to4/2 4/2to5/2 5/2to4/2"/>
    </vehicle>
    <vehicle id="380" depart="380.00">
        <route edges="1/8to2/8 2/8to3/8 3/8to4/8 4/8to5/8 5/8to6/8 6/8to7/8 7/8to8/8 8/8to9/8 9/8to10/8 10/8to10/7 10/7to10/6 10/6to10/5 10/5to10/4 10/4to10/3 10/3to10/2 10/2to10/1 10/1to10/2"/>
    </vehicle>
    <vehicle id="381" depart="381.00">
        <route edges="9/4to8/4 8/4to7/4 7/4to6/4 6/4to5/4 5/4to4/4 4/4to3/4 3/4to2/4 2/4to2/5 2/5to1/5"/>
    </vehicle>
    <vehicle id="382" depart="382.00">
        <route edges="3/9to3/10 3/10to3/9 3/9to3/8 3/8to3/7 3/7to4/7 4/7to5/7 5/7to5/8"/>
    </vehicle>
    <vehicle id="383" depart="383.00">
        <route edges="1/4to1/3 1/3to1/2 1/2to2/2 2/2to3/2 3/2to4/2 4/2to5/2 5/2to6/2 6/2to5/2"/>
    </vehicle>
    <vehicle id="384" depart="384.00">
        <route edges="9/4to8/4 8/4to7/4 7/4to7/3 7/3to7/4"/>
    </vehicle>
    <vehicle id="385" depart="385.00">
        <route edges="9/9to10/9 10/9to9/9 9/9to8/9 8/9to7/9 7/9to6/9 6/9to6/8 6/8to6/7 6/7to6/6 6/6to6/5 6/5to6/4 6/4to6/3 6/3to7/3"/>
    </vehicle>
    <vehicle id="386" depart="386.00">
        <route edges="1/8to0/8 0/8to0/9 0/9to1/9 1/9to1/10 1/10to0/10"/>
    </vehicle>
    <vehicle id="387" depart="387.00">
        <route edges="3/6to4/6 4/6to5/6 5/6to6/6 6/6to5/6"/>
    </vehicle>
    <vehicle id="388" depart="388.00">
        <route edges="5/3to4/3 4/3to3/3 3/3to2/3 2/3to2/4 2/4to2/5 2/5to1/5"/>
    </vehicle>
    <vehicle id="389" depart="389.00">
        <route edges="4/2to4/1 4/1to4/2 4/2to4/3 4/3to4/4 4/4to5/4 5/4to6/4 6/4to7/4"/>
    </vehicle>
    <vehicle id="390" depart="390.00">
        <route edges="4/1to5/1 5/1to5/2 5/2to6/2 6/2to7/2 7/2to6/2"/>
    </vehicle>
    <vehicle id="391" depart="391.00">
        <route edges="2/2to3/2 3/2to3/3 3/3to4/3 4/3to4/4"/>
    </vehicle>
    <vehicle id="392" depart="392.00">
        <route edges="9/7to9/8 9/8to8/8 8/8to7/8 7/8to6/8 6/8to5/8 5/8to4/8 4/8to3/8 3/8to2/8 2/8to1/8 1/8to0/8 0/8to0/9 0/9to0/10"/>
    </vehicle>
    <vehicle id="393" depart="393.00">
        <route edges="10/2to10/3 10/3to9/3 9/3to8/3 8/3to7/3 7/3to6/3 6/3to5/3 5/3to4/3 4/3to3/3 3/3to2/3 2/3to1/3 1/3to1/2 1/2to1/1 1/1to1/0 1/0to1/1"/>
    </vehicle>
    <vehicle id="394" depart="394.00">
        <route edges="8/2to8/1 8/1to7/1 7/1to6/1 6/1to5/1 5/1to5/2 5/2to6/2"/>
    </vehicle>
    <vehicle id="395" depart="395.00">
        <route edges="2/9to3/9 3/9to3/8"/>
    </vehicle>
    <vehicle id="396" depart="396.00">
        <route edges="3/5to3/6 3/6to4/6 4/6to5/6 5/6to6/6 6/6to7/6 7/6to8/6 8/6to9/6 9/6to10/6 10/6to10/5 10/5to10/4 10/4to10/5"/>
    </vehicle>
    <vehicle id="397" depart="397.00">
        <route edges="4/3to4/4 4/4to5/4 5/4to6/4 6/4to7/4 7/4to8/4 8/4to9/4 9/4to10/4 10/4to9/4"/>
    </vehicle>
    <vehicle id="398" depart="398.00">
        <route edges="2/1to3/1 3/1to3/2 3/2to3/3 3/3to3/4 3/4to3/5 3/5to3/6 3/6to4/6 4/6to5/6 5/6to6/6 6/6to7/6 7/6to7/5"/>
    </vehicle>
    <vehicle id="399" depart="399.00">
        <route edges="1/2to2/2 2/2to2/3 2/3to2/4 2/4to3/4 3/4to4/4 4/4to5/4 5/4to6/4 6/4to7/4 7/4to8/4 8/4to9/4 9/4to9/5"/>
    </vehicle>
    <vehicle id="400" depart="400.00">
        <route edges="6/6to5/6 5/6to5/5 5/5to5/4 5/4to5/3 5/3to6/3 6/3to7/3 7/3to8/3 8/3to8/2"/>
    </vehicle>
    <vehicle id="401" depart="401.00">
        <route edges="6/8to5/8 5/8to4/8 4/8to3/8 3/8to2/8 2/8to2/9 2/9to3/9"/>
    </vehicle>
    <vehicle id="402" depart="402.00">
        <route edges="0/5to0/6 0/6to0/7 0/7to1/7 1/7to2/7 2/7to3/7 3/7to4/7 4/7to5/7 5/7to6/7 6/7to7/7 7/7to8/7 8/7to9/7 9/7to9/8"/>
    </vehicle>
    <vehicle id="403" depart="403.00">
        <route edges="1/9to1/10 1/10to1/9 1/9to1/8 1/8to1/7 1/7to1/6 1/6to1/5 1/5to1/4 1/4to2/4 2/4to3/4 3/4to4/4 4/4to5/4 5/4to4/4"/>
    </vehicle>
    <vehicle id="404" depart="404.00">
        <route edges="10/1to10/0 10/0to9/0 9/0to8/0 8/0to8/1 8/1to7/1"/>
    </vehicle>
    <vehicle id="405" depart="405.00">
        <route edges="5/0to6/0 6/0to5/0 5/0to4/0 4/0to3/0 3/0to2/0 2/0to1/0"/>
    </vehicle>
    <vehicle id="406" depart="406.00">
        <route edges="2/2to3/2 3/2to3/3 3/3to3/4 3/4to3/5 3/5to3/6 3/6to4/6 4/6to5/6 5/6to6/6 6/6to7/6 7/6to8/6 8/6to9/6 9/6to8/6"/>
    </vehicle>
    <vehicle id="407" depart="407.00">
        <route edges="5/1to5/2 5/2to4/2 4/2to3/2 3/2to3/1"/>
    </vehicle>
    <vehicle id="408" depart="408.00">
        <route edges="6/6to5/6 5/6to4/6 4/6to3/6 3/6to2/6 2/6to2/5 2/5to2/4 2/4to1/4"/>
    </vehicle>
    <vehicle id="409" depart="409.00">
        <route edges="9/3to8/3 8/3to7/3 7/3to6/3 6/3to5/3 5/3to4/3 4/3to3/3 3/3to2/3 2/3to1/3 1/3to1/4"/>
    </vehicle>
    <vehicle id="410" depart="410.00">
        <route edges="4/7to3/7 3/7to2/7 2/7to1/7 1/7to1/6 1/6to1/5 1/5to1/4 1/4to1/3 1/3to1/2 1/2to2/2"/>
    </vehicle>
    <vehicle id="411" depart="411.00">
        <route edges="6/7to5/7 5/7to6/7 6/7to7/7 7/7to8/7 8/7to8/6"/>
    </vehicle>
    <vehicle id="412" depart="412.00">
        <route edges="6/0to5/0 5/0to5/1 5/1to5/2 5/2to5/3 5/3to5/4 5/4to5/5 5/5to5/6 5/6to5/7 5/7to5/8 5/8to5/7"/>
    </vehicle>
    <vehicle id="413" depart="413.00">
        <route edges="6/3to6/2 6/2to5/2 5/2to5/1 5/1to5/0"/>
    </vehicle>
    <vehicle id="414" depart="414.00">
        <route edges="7/10to7/9 7/9to6/9 6/9to5/9 5/9to5/8"/>
    </vehicle>
    <vehicle id="415" depart="415.00">
        <route edges="0/4to0/5 0/5to0/4 0/4to1/4 1/4to2/4 2/4to1/4"/>
    </vehicle>
    <vehicle id="416" depart="416.00">
        <route edges="9/6to9/5 9/5to8/5 8/5to7/5 7/5to6/5 6/5to6/4 6/4to6/3 6/3to7/3"/>
    </vehicle>
    <vehicle id="417" depart="417.00">
        <route edges="1/5to0/5 0/5to0/6 0/6to0/7 0/7to0/8 0/8to0/9 0/9to1/9 1/9to2/9 2/9to3/9 3/9to4/9 4/9to5/9 5/9to6/9 6/9to7/9"/>
    </vehicle>
    <vehicle id="418" depart="418.00">
        <route edges="0/4to1/4 1/4to1/5 1/5to1/6 1/6to1/7 1/7to1/8 1/8to1/9 1/9to1/10 1/10to2/10 2/10to3/10 3/10to4/10 4/10to4/9"/>
    </vehicle>
    <vehicle id="419" depart="419.00">
        <route edges="8/5to8/4 8/4to7/4 7/4to6/4 6/4to5/4 5/4to4/4 4/4to3/4 3/4to3/5 3/5to3/6 3/6to4/6"/>
    </vehicle>
    <vehicle id="420" depart="420.00">
        <route edges="3/9to2/9 2/9to2/8 2/8to2/7 2/7to2/6 2/6to2/5 2/5to2/4 2/4to2/3 2/3to2/2 2/2to3/2 3/2to3/3"/>
    </vehicle>
    <vehicle id="421" depart="421.00">
        <route edges="3/5to3/6 3/6to3/5 3/5to4/5 4/5to5/5 5/5to6/5 6/5to7/5 7/5to8/5 8/5to9/5"/>
    </vehicle>
    <vehicle id="422" depart="422.00">
        <route edges="10/0to9/0 9/0to8/0 8/0to7/0 7/0to6/0 6/0to5/0 5/0to4/0 4/0to3/0 3/0to3/1 3/1to3/2 3/2to3/3 3/3to3/4 3/4to3/5 3/5to2/5"/>
    </vehicle>
    <vehicle id="423" depart="423.00">
        <route edges="3/7to3/6 3/6to4/6 4/6to5/6 5/6to6/6 6/6to6/7"/>
    </vehicle>
    <vehicle id="424" depart="424.00">
        <route edges="6/6to5/6 5/6to4/6 4/6to3/6 3/6to3/5 3/5to3/4 3/4to3/3 3/3to3/2 3/2to3/1 3/1to3/0 3/0to3/1"/>
    </vehicle>
    <vehicle id="425" depart="425.00">
        <route edges="10/5to9/5 9/5to8/5 8/5to7/5 7/5to6/5 6/5to5/5 5/5to4/5 4/5to3/5 3/5to2/5 2/5to1/5 1/5to0/5 0/5to0/6 0/6to1/6"/>
    </vehicle>
    <vehicle id="426" depart="426.00">
        <route edges="6/9to6/8 6/8to7/8 7/8to8/8 8/8to9/8 9/8to10/8 10/8to10/7 10/7to10/6 10/6to10/5"/>
    </vehicle>
    <vehicle id="427" depart="427.00">
        <route edges="4/10to5/10 5/10to5/9 5/9to5/8 5/8to5/7 5/7to5/6 5/6to5/5 5/5to5/4 5/4to5/3 5/3to5/2 5/2to5/1 5/1to6/1 6/1to7/1 7/1to8/1"/>
    </vehicle>
    <vehicle id="428" depart="428.00">
        <route edges="1/3to2/3 2/3to2/4 2/4to2/5 2/5to2/6 2/6to3/6 3/6to4/6 4/6to5/6"/>
    </vehicle>
    <vehicle id="429" depart="429.00">
        <route edges="1/7to0/7 0/7to0/8 0/8to0/9 0/9to1/9 1/9to2/9 2/9to3/9 3/9to4/9 4/9to5/9 5/9to6/9 6/9to5/9"/>
    </vehicle>
    <vehicle id="430" depart="430.00">
        <route edges="3/5to3/6 3/6to2/6 2/6to2/5 2/5to2/4 2/4to2/3 2/3to2/2 2/2to2/1 2/1to3/1"/>
    </vehicle>
    <vehicle id="431" depart="431.00">
        <route edges="2/0to3/0 3/0to3/1 3/1to4/1 4/1to5/1 5/1to6/1 6/1to7/1 7/1to8/1 8/1to9/1 9/1to10/1 10/1to10/2 10/2to10/3 10/3to9/3"/>
    </vehicle>
    <vehicle id="432" depart="432.00">
        <route edges="8/3to8/2 8/2to7/2 7/2to6/2 6/2to5/2 5/2to4/2 4/2to3/2 3/2to2/2 2/2to1/2 1/2to0/2 0/2to0/1 0/1to0/0 0/0to0/1"/>
    </vehicle>
    <vehicle id="433" depart="433.00">
        <route edges="3/9to3/10 3/10to2/10 2/10to1/10 1/10to1/9 1/9to0/9 0/9to0/8 0/8to0/7 0/7to0/6 0/6to0/5 0/5to0/4 0/4to0/3 0/3to0/2 0/2to0/1 0/1to0/0"/>
    </vehicle>
    <vehicle id="434" depart="434.00">
        <route edges="3/8to4/8 4/8to3/8 3/8to3/7"/>
    </vehicle>
    <vehicle id="435" depart="435.00">
        <route edges="5/6to4/6 4/6to3/6 3/6to2/6 2/6to1/6 1/6to0/6 0/6to0/5 0/5to0/4 0/4to0/3 0/3to1/3"/>
    </vehicle>
    <vehicle id="436" depart="436.00">
        <route edges="7/9to7/10 7/10to6/10 6/10to5/10 5/10to4/10 4/10to3/10 3/10to3/9 3/9to3/8 3/8to3/7 3/7to3/6 3/6to4/6"/>
    </vehicle>
    <vehicle id="437" depart="437.00">
        <route edges="10/7to9/7 9/7to10/7 10/7to10/8 10/8to9/8"/>
    </vehicle>
    <vehicle id="438" depart="438.00">
        <route edges="3/3to3/4 3/4to3/5 3/5to3/6 3/6to3/7 3/7to3/8 3/8to3/9 3/9to3/10 3/10to4/10 4/10to5/10 5/10to4/10"/>
    </vehicle>
    <vehicle id="439" depart="439.00">
        <route edges="6/0to7/0 7/0to6/0 6/0to5/0 5/0to4/0 4/0to3/0 3/0to3/1 3/1to4/1"/>
    </vehicle>
    <vehicle id="440" depart="440.00">
        <route edges="3/0to3/1 3/1to3/2 3/2to3/3 3/3to3/4 3/4to3/5 3/5to3/6 3/6to3/7 3/7to4/7 4/7to5/7 5/7to6/7 6/7to7/7 7/7to8/7 8/7to8/6"/>
    </vehicle>
    <vehicle id="441" depart="441.00">
        <route edges="5/3to6/3 6/3to5/3 5/3to4/3 4/3to4/4 4/4to4/5 4/5to4/6 4/6to4/7 4/7to4/8 4/8to4/9 4/9to4/10 4/10to3/10"/>
    </vehicle>
    <vehicle id="442" depart="442.00">
        <route edges="4/6to4/7 4/7to4/8 4/8to4/9 4/9to5/9 5/9to6/9 6/9to7/9 7/9to7/8"/>
    </vehicle>
    <vehicle id="443" depart="443.00">
        <route edges="1/2to0/2 0/2to0/3 0/3to0/4 0/4to0/5 0/5to1/5 1/5to2/5 2/5to3/5"/>
    </vehicle>
    <vehicle id="444" depart="444.00">
        <route edges="1/8to2/8 2/8to3/8 3/8to4/8 4/8to5/8 5/8to6/8 6/8to7/8 7/8to8/8 8/8to9/8 9/8to10/8 10/8to10/7 10/7to10/6 10/6to10/5 10/5to10/4 10/4to10/3 10/3to10/2 10/2to10/1 10/1to10/0 10/0to10/1"/>
    </vehicle>
    <vehicle id="445" depart="445.00">
        <route edges="6/7to6/6 6/6to5/6 5/6to4/6 4/6to4/5 4/5to4/4 4/4to4/3 4/3to4/2 4/2to4/1 4/1to3/1"/>
    </vehicle>
    <vehicle id="446" depart="446.00">
        <route edges="2/10to1/10 1/10to1/9 1/9to1/8 1/8to1/7 1/7to1/6 1/6to1/5 1/5to1/4 1/4to1/3 1/3to2/3 2/3to3/3 3/3to4/3 4/3to5/3 5/3to6/3 6/3to7/3 7/3to8/3 8/3to9/3 9/3to10/3"/>
    </vehicle>
    <vehicle id="447" depart="447.00">
        <route edges="6/1to7/1 7/1to7/2 7/2to7/3 7/3to7/4 7/4to7/5 7/5to7/6 7/6to7/7 7/7to7/8 7/8to7/9 7/9to8/9 8/9to9/9 9/9to9/8"/>
    </vehicle>
    <vehicle id="448" depart="448.00">
        <route edges="0/5to1/5 1/5to1/6 1/6to1/7 1/7to2/7 2/7to3/7 3/7to4/7 4/7to5/7 5/7to6/7 6/7to7/7 7/7to7/8"/>
    </vehicle>
    <vehicle id="449" depart="449.00">
        <route edges="4/5to4/6 4/6to3/6 3/6to2/6 2/6to2/5 2/5to2/4 2/4to2/3 2/3to2/4"/>
    </vehicle>
    <vehicle id="450" depart="450.00">
        <route edges="1/8to2/8 2/8to2/7 2/7to2/6 2/6to2/5 2/5to2/4 2/4to2/3 2/3to2/2 2/2to2/1 2/1to2/0 2/0to1/0"/>
    </vehicle>
    <vehicle id="451" depart="451.00">
        <route edges="10/9to10/10 10/10to9/10 9/10to8/10 8/10to7/10 7/10to6/10 6/10to6/9 6/9to6/8 6/8to6/7 6/7to6/6 6/6to6/5 6/5to6/4 6/4to6/3 6/3to6/2 6/2to6/1 6/1to7/1"/>
    </vehicle>
    <vehicle id="452" depart="452.00">
        <route edges="6/1to7/1 7/1to6/1 6/1to5/1 5/1to4/1 4/1to3/1 3/1to2/1 2/1to1/1 1/1to1/2 1/2to1/3 1/3to1/4 1/4to1/5 1/5to1/6 1/6to1/5"/>
    </vehicle>
    <vehicle id="453" depart="453.00">
        <route edges="9/1to10/1 10/1to9/1 9/1to8/1 8/1to7/1 7/1to6/1 6/1to5/1 5/1to4/1 4/1to4/2 4/2to4/3 4/3to4/4 4/4to4/5 4/5to4/4"/>
    </vehicle>
    <vehicle id="454" depart="454.00">
        <route edges="6/0to6/1 6/1to5/1 5/1to4/1 4/1to3/1 3/1to2/1 2/1to1/1 1/1to1/2 1/2to1/3 1/3to1/4 1/4to1/5 1/5to1/6 1/6to1/7 1/7to0/7"/>
    </vehicle>
    <vehicle id="455" depart="455.00">
        <route edges="4/5to5/5 5/5to5/6 5/6to5/7 5/7to6/7 6/7to5/7"/>
    </vehicle>
    <vehicle id="456" depart="456.00">
        <route edges="0/4to1/4 1/4to1/5 1/5to1/6 1/6to1/7 1/7to1/8 1/8to2/8 2/8to3/8 3/8to4/8 4/8to5/8 5/8to6/8 6/8to7/8"/>
    </vehicle>
    <vehicle id="457" depart="457.00">
        <route edges="1/0to0/0 0/0to0/1 0/1to0/2 0/2to0/3 0/3to0/4 0/4to0/5 0/5to0/6 0/6to0/7 0/7to0/8 0/8to0/9 0/9to1/9 1/9to2/9 2/9to3/9 3/9to4/9 4/9to3/9"/>
    </vehicle>
    <vehicle id="458" depart="458.00">
        <route edges="7/3to7/2 7/2to6/2 6/2to5/2"/>
    </vehicle>
    <vehicle id="459" depart="459.00">
        <route edges="1/7to0/7 0/7to1/7 1/7to2/7 2/7to3/7 3/7to4/7 4/7to5/7 5/7to6/7 6/7to7/7 7/7to8/7 8/7to9/7 9/7to10/7 10/7to10/8 10/8to10/7"/>
    </vehicle>
    <vehicle id="460" depart="460.00">
        <route edges="6/1to7/1 7/1to7/2 7/2to7/3 7/3to7/4 7/4to7/5 7/5to7/6 7/6to7/7 7/7to7/8 7/8to8/8"/>
    </vehicle>
    <vehicle id="461" depart="461.00">
        <route edges="7/6to7/7 7/7to6/7 6/7to5/7 5/7to4/7 4/7to3/7 3/7to2/7 2/7to2/6 2/6to2/5 2/5to2/6"/>
    </vehicle>
    <vehicle id="462" depart="462.00">
        <route edges="8/9to8/10 8/10to7/10 7/10to6/10 6/10to5/10 5/10to4/10 4/10to3/10 3/10to2/10 2/10to2/9"/>
    </vehicle>
    <vehicle id="463" depart="463.00">
        <route edges="1/10to0/10 0/10to0/9 0/9to0/8 0/8to0/7 0/7to0/6 0/6to0/5 0/5to0/4 0/4to0/3 0/3to0/2 0/2to0/1 0/1to1/1 1/1to1/0 1/0to2/0 2/0to3/0 3/0to4/0 4/0to5/0 5/0to6/0 6/0to7/0 7/0to7/1"/>
    </vehicle>
    <vehicle id="464" depart="464.00">
        <route edges="6/8to6/9 6/9to6/8 6/8to6/7 6/7to6/6 6/6to6/5 6/5to6/4 6/4to6/3 6/3to7/3"/>
    </vehicle>
    <vehicle id="465" depart="465.00">
        <route edges="7/2to7/3 7/3to6/3 6/3to5/3 5/3to4/3 4/3to3/3 3/3to3/4 3/4to3/5 3/5to3/6 3/6to3/7 3/7to3/8 3/8to3/9 3/9to4/9"/>
    </vehicle>
    <vehicle id="466" depart="466.00">
        <route edges="9/5to8/5 8/5to7/5 7/5to6/5 6/5to5/5 5/5to4/5 4/5to3/5 3/5to2/5 2/5to2/4 2/4to1/4"/>
    </vehicle>
    <vehicle id="467" depart="467.00">
        <route edges="1/8to1/9 1/9to1/8 1/8to1/7 1/7to1/6 1/6to1/5 1/5to2/5 2/5to3/5 3/5to4/5 4/5to5/5 5/5to6/5 6/5to7/5 7/5to6/5"/>
    </vehicle>
    <vehicle id="468" depart="468.00">
        <route edges="0/8to1/8 1/8to1/7 1/7to1/6 1/6to1/5 1/5to2/5 2/5to3/5 3/5to4/5 4/5to4/6"/>
    </vehicle>
    <vehicle id="469" depart="469.00">
        <route edges="4/0to5/0 5/0to4/0 4/0to3/0"/>
    </vehicle>
    <vehicle id="470" depart="470.00">
        <route edges="10/5to10/4 10/4to9/4 9/4to8/4 8/4to7/4 7/4to6/4 6/4to6/3 6/3to6/2 6/2to6/1 6/1to6/0 6/0to6/1"/>
    </vehicle>
    <vehicle id="471" depart="471.00">
        <route edges="4/5to4/6 4/6to4/5 4/5to5/5"/>
    </vehicle>
    <vehicle id="472" depart="472.00">
        <route edges="2/7to2/8 2/8to3/8 3/8to3/9"/>
    </vehicle>
    <vehicle id="473" depart="473.00">
        <route edges="9/7to9/8 9/8to8/8 8/8to7/8 7/8to6/8 6/8to6/7 6/7to6/8"/>
    </vehicle>
    <vehicle id="474" depart="474.00">
        <route edges="4/8to4/9 4/9to3/9 3/9to2/9 2/9to1/9 1/9to1/8 1/8to1/7 1/7to1/6 1/6to1/5 1/5to1/4 1/4to1/3 1/3to1/2 1/2to1/3"/>
    </vehicle>
    <vehicle id="475" depart="475.00">
        <route edges="7/10to8/10 8/10to7/10 7/10to6/10 6/10to5/10 5/10to5/9 5/9to5/8 5/8to5/7 5/7to5/6 5/6to5/5 5/5to5/4 5/4to5/5"/>
    </vehicle>
    <vehicle id="476" depart="476.00">
        <route edges="9/10to10/10 10/10to9/10 9/10to8/10 8/10to7/10 7/10to6/10 6/10to5/10 5/10to5/9 5/9to4/9"/>
    </vehicle>
    <vehicle id="477" depart="477.00">
        <route edges="5/7to5/6 5/6to4/6 4/6to3/6 3/6to2/6 2/6to2/7 2/7to2/8 2/8to3/8"/>
    </vehicle>
    <vehicle id="478" depart="478.00">
        <route edges="5/1to5/2 5/2to4/2 4/2to3/2 3/2to2/2 2/2to1/2 1/2to1/3 1/3to1/4"/>
    </vehicle>
    <vehicle id="479" depart="479.00">
        <route edges="1/10to0/10 0/10to0/9 0/9to0/8 0/8to0/7 0/7to0/6 0/6to0/5 0/5to0/4 0/4to1/4 1/4to2/4 2/4to3/4 3/4to4/4 4/4to5/4 5/4to6/4 6/4to7/4 7/4to8/4 8/4to9/4 9/4to8/4"/>
    </vehicle>
    <vehicle id="480" depart="480.00">
        <route edges="10/2to9/2 9/2to8/2 8/2to7/2 7/2to6/2 6/2to5/2 5/2to4/2 4/2to3/2 3/2to2/2 2/2to2/3 2/3to2/4 2/4to2/5"/>
    </vehicle>
    <vehicle id="481" depart="481.00">
        <route edges="9/7to10/7 10/7to9/7 9/7to8/7 8/7to7/7 7/7to6/7 6/7to5/7 5/7to4/7 4/7to4/8 4/8to3/8"/>
    </vehicle>
    <vehicle id="482" depart="482.00">
        <route edges="1/5to1/4 1/4to1/3 1/3to1/2 1/2to1/1 1/1to1/2"/>
    </vehicle>
    <vehicle id="483" depart="483.00">
        <route edges="3/10to3/9 3/9to3/8 3/8to3/7 3/7to3/6 3/6to3/5 3/5to3/4 3/4to3/3 3/3to4/3 4/3to4/2"/>
    </vehicle>
    <vehicle id="484" depart="484.00">
        <route edges="0/1to1/1 1/1to2/1 2/1to3/1 3/1to4/1 4/1to4/0"/>
    </vehicle>
    <vehicle id="485" depart="485.00">
        <route edges="5/3to5/2 5/2to5/1 5/1to5/0 5/0to6/0 6/0to7/0 7/0to6/0"/>
    </vehicle>
    <vehicle id="486" depart="486.00">
        <route edges="9/10to9/9 9/9to8/9 8/9to7/9 7/9to6/9 6/9to5/9 5/9to4/9 4/9to3/9 3/9to2/9 2/9to1/9 1/9to0/9 0/9to0/8 0/8to0/7 0/7to0/6 0/6to0/5 0/5to0/6"/>
    </vehicle>
    <vehicle id="487" depart="487.00">
        <route edges="1/2to2/2 2/2to2/3 2/3to2/4 2/4to2/5 2/5to2/6 2/6to2/7 2/7to2/8 2/8to2/9 2/9to3/9 3/9to4/9 4/9to5/9 5/9to6/9 6/9to6/8"/>
    </vehicle>
    <vehicle id="488" depart="488.00">
        <route edges="7/5to7/4 7/4to7/3 7/3to7/2 7/2to7/1 7/1to7/0 7/0to8/0 8/0to9/0 9/0to8/0"/>
    </vehicle>
    <vehicle id="489" depart="489.00">
        <route edges="10/2to9/2 9/2to8/2 8/2to8/3 8/3to8/4 8/4to8/5 8/5to8/6 8/6to8/7 8/7to8/6"/>
    </vehicle>
    <vehicle id="490" depart="490.00">
        <route edges="8/0to8/1 8/1to7/1 7/1to6/1 6/1to6/2 6/2to6/3 6/3to6/2"/>
    </vehicle>
    <vehicle id="491" depart="491.00">
        <route edges="7/2to8/2 8/2to7/2 7/2to6/2 6/2to6/3 6/3to6/4 6/4to6/5 6/5to6/6 6/6to6/5"/>
    </vehicle>
    <vehicle id="492" depart="492.00">
        <route edges="8/0to7/0 7/0to6/0 6/0to5/0 5/0to5/1 5/1to5/2 5/2to5/3 5/3to5/4"/>
    </vehicle>
    <vehicle id="493" depart="493.00">
        <route edges="9/6to10/6 10/6to9/6 9/6to8/6 8/6to7/6 7/6to6/6 6/6to5/6 5/6to4/6 4/6to3/6 3/6to3/5 3/5to3/6"/>
    </vehicle>
    <vehicle id="494" depart="494.00">
        <route edges="0/10to1/10 1/10to1/9 1/9to1/8 1/8to2/8 2/8to3/8 3/8to4/8 4/8to5/8 5/8to6/8 6/8to7/8 7/8to8/8 8/8to7/8"/>
    </vehicle>
    <vehicle id="495" depart="495.00">
        <route edges="7/7to7/6 7/6to7/5 7/5to7/4 7/4to8/4"/>
    </vehicle>
    <vehicle id="496" depart="496.00">
        <route edges="4/2to3/2 3/2to3/3 3/3to3/4 3/4to3/5 3/5to3/6 3/6to3/7 3/7to3/8 3/8to3/9 3/9to4/9 4/9to5/9 5/9to4/9"/>
    </vehicle>
    <vehicle id="497" depart="497.00">
        <route edges="4/3to4/2 4/2to5/2 5/2to6/2 6/2to7/2 7/2to8/2 8/2to9/2 9/2to10/2 10/2to10/3 10/3to10/2"/>
    </vehicle>
    <vehicle id="498" depart="498.00">
        <route edges="6/10to5/10 5/10to5/9 5/9to5/8 5/8to5/7 5/7to5/6 5/6to5/5 5/5to5/4 5/4to5/3 5/3to5/2 5/2to5/1 5/1to6/1 6/1to7/1 7/1to8/1 8/1to8/2"/>
    </vehicle>
    <vehicle id="499" depart="499.00">
        <route edges="2/6to2/5 2/5to2/4 2/4to2/3 2/3to2/2 2/2to3/2 3/2to4/2 4/2to5/2 5/2to6/2 6/2to5/2"/>
    </vehicle>
</routes>
