<?xml version="1.0"?>
<!-- generated on 2017-03-16 17:57:27.217000 by $Id: randomTrips.py 19495 2015-12-02 12:36:28Z behrisch $
  options: -n map.net.xml -e 15 <doubleminus>min-distance 1000 -o map.rot.small.xml
-->
<trips>
    <trip id="0" depart="0.00" from="10/10to9/10" to="5/0to4/0" />
    <trip id="1" depart="1.00" from="1/1to2/1" to="9/10to8/10" />
    <trip id="2" depart="2.00" from="0/6to1/6" to="8/0to9/0" />
    <trip id="3" depart="3.00" from="0/0to0/1" to="2/9to2/10" />
    <trip id="4" depart="4.00" from="6/0to5/0" to="0/10to1/10" />
    <trip id="5" depart="5.00" from="3/10to4/10" to="3/0to4/0" />
    <trip id="6" depart="6.00" from="0/6to1/6" to="9/3to10/3" />
    <trip id="7" depart="7.00" from="0/0to1/0" to="9/8to10/8" />
    <trip id="8" depart="8.00" from="0/8to1/8" to="8/3to8/2" />
    <trip id="9" depart="9.00" from="8/0to8/1" to="4/10to5/10" />
    <trip id="10" depart="10.00" from="10/8to9/8" to="4/1to4/0" />
    <trip id="11" depart="11.00" from="1/10to2/10" to="1/0to0/0" />
    <trip id="12" depart="12.00" from="7/0to8/0" to="1/10to2/10" />
    <trip id="13" depart="13.00" from="0/9to0/10" to="9/4to10/4" />
    <trip id="14" depart="14.00" from="0/8to0/7" to="8/2to9/2" />
</trips>
