<?xml version="1.0"?>
<!-- generated on 2017-04-10 20:42:16.962000 by $Id: randomTrips.py 19495 2015-12-02 12:36:28Z behrisch $
  options: -n map.net.xml -e 100
-->
<trips>
    <trip id="0" depart="0.00" from="10/6to9/6" to="7/9to7/8" />
    <trip id="1" depart="1.00" from="6/5to6/4" to="0/9to1/9" />
    <trip id="2" depart="2.00" from="3/10to4/10" to="0/6to1/6" />
    <trip id="3" depart="3.00" from="8/8to9/8" to="3/9to2/9" />
    <trip id="4" depart="4.00" from="0/7to0/8" to="9/3to10/3" />
    <trip id="5" depart="5.00" from="3/9to2/9" to="8/6to7/6" />
    <trip id="6" depart="6.00" from="1/10to1/9" to="6/8to7/8" />
    <trip id="7" depart="7.00" from="4/1to3/1" to="5/10to4/10" />
    <trip id="8" depart="8.00" from="6/4to6/3" to="8/7to8/6" />
    <trip id="9" depart="9.00" from="10/8to10/9" to="3/2to3/3" />
    <trip id="10" depart="10.00" from="1/2to1/3" to="10/1to9/1" />
    <trip id="11" depart="11.00" from="8/7to7/7" to="9/2to8/2" />
    <trip id="12" depart="12.00" from="7/1to7/2" to="7/9to7/8" />
    <trip id="13" depart="13.00" from="1/10to0/10" to="2/4to1/4" />
    <trip id="14" depart="14.00" from="9/6to9/5" to="0/2to0/1" />
    <trip id="15" depart="15.00" from="3/2to2/2" to="10/4to10/5" />
    <trip id="16" depart="16.00" from="2/1to1/1" to="8/1to8/2" />
    <trip id="17" depart="17.00" from="1/4to2/4" to="6/6to5/6" />
    <trip id="18" depart="18.00" from="0/3to0/4" to="8/7to7/7" />
    <trip id="19" depart="19.00" from="9/6to9/5" to="1/10to2/10" />
    <trip id="20" depart="20.00" from="3/0to2/0" to="1/3to1/2" />
    <trip id="21" depart="21.00" from="4/5to4/6" to="8/1to9/1" />
    <trip id="22" depart="22.00" from="9/2to9/3" to="2/10to1/10" />
    <trip id="23" depart="23.00" from="6/2to6/1" to="1/1to1/2" />
    <trip id="24" depart="24.00" from="9/8to9/7" to="7/6to6/6" />
    <trip id="25" depart="25.00" from="4/7to4/8" to="6/10to7/10" />
    <trip id="26" depart="26.00" from="4/9to4/8" to="5/1to4/1" />
    <trip id="27" depart="27.00" from="5/0to4/0" to="5/4to5/3" />
    <trip id="28" depart="28.00" from="9/7to8/7" to="1/2to1/3" />
    <trip id="29" depart="29.00" from="6/9to6/10" to="7/9to8/9" />
    <trip id="30" depart="30.00" from="10/1to9/1" to="10/6to9/6" />
    <trip id="31" depart="31.00" from="10/6to10/5" to="4/1to4/0" />
    <trip id="32" depart="32.00" from="7/4to7/3" to="5/2to5/3" />
    <trip id="33" depart="33.00" from="3/7to2/7" to="3/3to3/4" />
    <trip id="34" depart="34.00" from="4/5to4/4" to="10/9to9/9" />
    <trip id="35" depart="35.00" from="10/2to10/1" to="6/2to6/1" />
    <trip id="36" depart="36.00" from="7/8to7/9" to="3/5to2/5" />
    <trip id="37" depart="37.00" from="4/2to3/2" to="6/2to7/2" />
    <trip id="38" depart="38.00" from="10/4to9/4" to="2/3to1/3" />
    <trip id="39" depart="39.00" from="10/0to9/0" to="0/8to0/9" />
    <trip id="40" depart="40.00" from="1/4to2/4" to="2/3to3/3" />
    <trip id="41" depart="41.00" from="7/4to7/3" to="9/6to9/7" />
    <trip id="42" depart="42.00" from="3/8to3/7" to="4/8to4/7" />
    <trip id="43" depart="43.00" from="2/4to2/5" to="6/1to6/2" />
    <trip id="44" depart="44.00" from="3/1to3/2" to="8/8to7/8" />
    <trip id="45" depart="45.00" from="5/1to5/0" to="3/3to2/3" />
    <trip id="46" depart="46.00" from="3/7to2/7" to="3/7to3/6" />
    <trip id="47" depart="47.00" from="8/3to9/3" to="10/1to10/0" />
    <trip id="48" depart="48.00" from="3/3to3/4" to="1/9to1/8" />
    <trip id="49" depart="49.00" from="6/3to6/4" to="3/0to3/1" />
    <trip id="50" depart="50.00" from="3/3to4/3" to="5/5to5/4" />
    <trip id="51" depart="51.00" from="8/7to9/7" to="9/3to9/4" />
    <trip id="52" depart="52.00" from="6/9to5/9" to="2/1to2/2" />
    <trip id="53" depart="53.00" from="5/8to6/8" to="9/7to8/7" />
    <trip id="54" depart="54.00" from="0/2to1/2" to="4/7to3/7" />
    <trip id="55" depart="55.00" from="7/2to6/2" to="10/0to10/1" />
    <trip id="56" depart="56.00" from="9/3to9/2" to="2/2to2/3" />
    <trip id="57" depart="57.00" from="2/4to1/4" to="5/4to5/3" />
    <trip id="58" depart="58.00" from="0/10to1/10" to="7/6to7/7" />
    <trip id="59" depart="59.00" from="1/2to1/1" to="6/4to7/4" />
    <trip id="60" depart="60.00" from="6/3to6/4" to="8/5to7/5" />
    <trip id="61" depart="61.00" from="6/1to6/2" to="1/7to1/8" />
    <trip id="62" depart="62.00" from="3/10to4/10" to="0/0to1/0" />
    <trip id="63" depart="63.00" from="10/0to10/1" to="10/2to10/1" />
    <trip id="64" depart="64.00" from="10/6to10/7" to="9/10to10/10" />
    <trip id="65" depart="65.00" from="5/8to5/7" to="2/2to2/3" />
    <trip id="66" depart="66.00" from="3/3to4/3" to="6/8to7/8" />
    <trip id="67" depart="67.00" from="9/2to8/2" to="9/7to8/7" />
    <trip id="68" depart="68.00" from="6/9to6/10" to="7/8to8/8" />
    <trip id="69" depart="69.00" from="7/8to7/7" to="2/2to3/2" />
    <trip id="70" depart="70.00" from="3/8to3/7" to="7/5to7/6" />
    <trip id="71" depart="71.00" from="4/2to5/2" to="6/1to5/1" />
    <trip id="72" depart="72.00" from="6/0to5/0" to="10/6to10/7" />
    <trip id="73" depart="73.00" from="6/5to6/6" to="8/4to9/4" />
    <trip id="74" depart="74.00" from="0/4to0/3" to="7/6to7/7" />
    <trip id="75" depart="75.00" from="8/5to7/5" to="5/4to4/4" />
    <trip id="76" depart="76.00" from="8/9to9/9" to="3/2to2/2" />
    <trip id="77" depart="77.00" from="0/7to0/8" to="9/7to9/6" />
    <trip id="78" depart="78.00" from="5/3to5/2" to="7/7to6/7" />
    <trip id="79" depart="79.00" from="1/10to0/10" to="9/1to9/0" />
    <trip id="80" depart="80.00" from="6/1to6/0" to="2/8to2/9" />
    <trip id="81" depart="81.00" from="7/6to8/6" to="1/5to1/6" />
    <trip id="82" depart="82.00" from="6/7to7/7" to="4/1to4/0" />
    <trip id="83" depart="83.00" from="2/2to3/2" to="9/2to9/3" />
    <trip id="84" depart="84.00" from="1/3to2/3" to="5/10to4/10" />
    <trip id="85" depart="85.00" from="5/3to4/3" to="0/0to0/1" />
    <trip id="86" depart="86.00" from="7/4to7/3" to="4/8to5/8" />
    <trip id="87" depart="87.00" from="2/7to2/6" to="7/4to6/4" />
    <trip id="88" depart="88.00" from="5/4to5/3" to="3/10to2/10" />
    <trip id="89" depart="89.00" from="9/1to10/1" to="4/0to4/1" />
    <trip id="90" depart="90.00" from="2/1to2/2" to="5/6to4/6" />
    <trip id="91" depart="91.00" from="9/1to10/1" to="9/3to8/3" />
    <trip id="92" depart="92.00" from="7/6to7/7" to="7/5to8/5" />
    <trip id="93" depart="93.00" from="8/7to7/7" to="7/1to7/2" />
    <trip id="94" depart="94.00" from="1/9to2/9" to="9/0to8/0" />
    <trip id="95" depart="95.00" from="8/7to7/7" to="8/5to7/5" />
    <trip id="96" depart="96.00" from="9/4to9/5" to="10/8to10/9" />
    <trip id="97" depart="97.00" from="6/0to5/0" to="7/0to6/0" />
    <trip id="98" depart="98.00" from="9/4to9/3" to="4/2to4/3" />
    <trip id="99" depart="99.00" from="4/2to5/2" to="4/3to5/3" />
</trips>
